<?xml version='1.0' encoding='UTF-8'?>
<!DOCTYPE rdf:RDF [
    <!ENTITY ns1 'http://purl.org/collections/nl/dss/gzmvoc/'>
    <!ENTITY rdf 'http://www.w3.org/1999/02/22-rdf-syntax-ns#'>
    <!ENTITY rdfs 'http://www.w3.org/2000/01/rdf-schema#'>
    <!ENTITY skos 'http://www.w3.org/2004/02/skos/core#'>
]>

<rdf:RDF
    xmlns:ns1="&ns1;"
    xmlns:rdf="&rdf;"
    xmlns:rdfs="&rdfs;"
    xmlns:skos="&skos;"
>
<rdf:Description rdf:about="&ns1;place-Delft">
  <skos:inScheme rdf:resource="&ns1;GZMPlaceScheme"/>
</rdf:Description>

<rdf:Description rdf:about="&ns1;place-Zzee">
  <skos:inScheme rdf:resource="&ns1;GZMPlaceScheme"/>
</rdf:Description>

<rdf:Description rdf:about="&ns1;place-Mijdregt">
  <skos:inScheme rdf:resource="&ns1;GZMPlaceScheme"/>
</rdf:Description>

<rdf:Description rdf:about="&ns1;place-Ternaten">
  <skos:inScheme rdf:resource="&ns1;GZMPlaceScheme"/>
</rdf:Description>

<rdf:Description rdf:about="&ns1;place-Veere">
  <skos:inScheme rdf:resource="&ns1;GZMPlaceScheme"/>
</rdf:Description>

<rdf:Description rdf:about="&ns1;place-Ziam">
  <skos:inScheme rdf:resource="&ns1;GZMPlaceScheme"/>
</rdf:Description>

<rdf:Description rdf:about="&ns1;place-Enkhuijsen_De_Haringtuijn_1714_E">
  <skos:inScheme rdf:resource="&ns1;GZMPlaceScheme"/>
</rdf:Description>

<rdf:Description rdf:about="&ns1;place-Edam_voor_het_eijland">
  <skos:inScheme rdf:resource="&ns1;GZMPlaceScheme"/>
</rdf:Description>

<rdf:Description rdf:about="&ns1;place-Gamron">
  <skos:inScheme rdf:resource="&ns1;GZMPlaceScheme"/>
</rdf:Description>

<rdf:Description rdf:about="&ns1;place-Panicail">
  <skos:inScheme rdf:resource="&ns1;GZMPlaceScheme"/>
</rdf:Description>

<rdf:Description rdf:about="&ns1;place-Maasslandsluijs">
  <skos:inScheme rdf:resource="&ns1;GZMPlaceScheme"/>
</rdf:Description>

<rdf:Description rdf:about="&ns1;place-Walengang">
  <skos:inScheme rdf:resource="&ns1;GZMPlaceScheme"/>
</rdf:Description>

<rdf:Description rdf:about="&ns1;place-Amerongen">
  <skos:inScheme rdf:resource="&ns1;GZMPlaceScheme"/>
</rdf:Description>

<rdf:Description rdf:about="&ns1;place-Batavia_Ter_Rhede">
  <skos:inScheme rdf:resource="&ns1;GZMPlaceScheme"/>
</rdf:Description>

<rdf:Description rdf:about="&ns1;place-Banda_ter_rheede">
  <skos:inScheme rdf:resource="&ns1;GZMPlaceScheme"/>
</rdf:Description>

<rdf:Description rdf:about="&ns1;place-Mallacca_ter_rheede">
  <skos:inScheme rdf:resource="&ns1;GZMPlaceScheme"/>
</rdf:Description>

<rdf:Description rdf:about="&ns1;place-Nijmegen">
  <skos:inScheme rdf:resource="&ns1;GZMPlaceScheme"/>
</rdf:Description>

<rdf:Description rdf:about="&ns1;place-Landsmeer">
  <skos:inScheme rdf:resource="&ns1;GZMPlaceScheme"/>
</rdf:Description>

<rdf:Description rdf:about="&ns1;place-Werckhoven">
  <skos:inScheme rdf:resource="&ns1;GZMPlaceScheme"/>
</rdf:Description>

<rdf:Description rdf:about="&ns1;place-Csadraspatnam">
  <skos:inScheme rdf:resource="&ns1;GZMPlaceScheme"/>
</rdf:Description>

<rdf:Description rdf:about="&ns1;place-Paliacatta">
  <skos:inScheme rdf:resource="&ns1;GZMPlaceScheme"/>
</rdf:Description>

<rdf:Description rdf:about="&ns1;place-Yoltha">
  <skos:inScheme rdf:resource="&ns1;GZMPlaceScheme"/>
</rdf:Description>

<rdf:Description rdf:about="&ns1;place-Japara_tot">
  <skos:inScheme rdf:resource="&ns1;GZMPlaceScheme"/>
</rdf:Description>

<rdf:Description rdf:about="&ns1;place-Banjarmassing">
  <skos:inScheme rdf:resource="&ns1;GZMPlaceScheme"/>
</rdf:Description>

<rdf:Description rdf:about="&ns1;place-Rio_de_La_Goa_voor_het_vortres_de_Leijdsaamh_t">
  <skos:inScheme rdf:resource="&ns1;GZMPlaceScheme"/>
</rdf:Description>

<rdf:Description rdf:about="&ns1;place-Coppenhage">
  <skos:inScheme rdf:resource="&ns1;GZMPlaceScheme"/>
</rdf:Description>

<rdf:Description rdf:about="&ns1;place-Zee_van_Ceijlon_naar_Bengalen">
  <skos:inScheme rdf:resource="&ns1;GZMPlaceScheme"/>
</rdf:Description>

<rdf:Description rdf:about="&ns1;place-Rdm">
  <skos:inScheme rdf:resource="&ns1;GZMPlaceScheme"/>
</rdf:Description>

<rdf:Description rdf:about="&ns1;place-Bicaralore">
  <skos:inScheme rdf:resource="&ns1;GZMPlaceScheme"/>
</rdf:Description>

<rdf:Description rdf:about="&ns1;place-Coningsbergen">
  <skos:inScheme rdf:resource="&ns1;GZMPlaceScheme"/>
</rdf:Description>

<rdf:Description rdf:about="&ns1;place-Zee_zeijlende_langs_Ceijlon">
  <skos:inScheme rdf:resource="&ns1;GZMPlaceScheme"/>
</rdf:Description>

<rdf:Description rdf:about="&ns1;place-Groningen">
  <skos:inScheme rdf:resource="&ns1;GZMPlaceScheme"/>
</rdf:Description>

<rdf:Description rdf:about="&ns1;place-Rugen">
  <skos:inScheme rdf:resource="&ns1;GZMPlaceScheme"/>
</rdf:Description>

<rdf:Description rdf:about="&ns1;place-Tonderen">
  <skos:inScheme rdf:resource="&ns1;GZMPlaceScheme"/>
</rdf:Description>

<rdf:Description rdf:about="&ns1;place-Zee_naar_Malacca">
  <skos:inScheme rdf:resource="&ns1;GZMPlaceScheme"/>
</rdf:Description>

<rdf:Description rdf:about="&ns1;place-Helsinglande">
  <skos:inScheme rdf:resource="&ns1;GZMPlaceScheme"/>
</rdf:Description>

<rdf:Description rdf:about="&ns1;place-Colombo">
  <skos:inScheme rdf:resource="&ns1;GZMPlaceScheme"/>
</rdf:Description>

<rdf:Description rdf:about="&ns1;place-Westkust">
  <skos:inScheme rdf:resource="&ns1;GZMPlaceScheme"/>
</rdf:Description>

<skos:ConceptScheme rdf:about="&ns1;GZMPlaceScheme"
    rdfs:label="GZM Place Conceptscheme (generated)"/>

<rdf:Description rdf:about="&ns1;place-Ponnecail">
  <skos:inScheme rdf:resource="&ns1;GZMPlaceScheme"/>
</rdf:Description>

<rdf:Description rdf:about="&ns1;place-Stettijn">
  <skos:inScheme rdf:resource="&ns1;GZMPlaceScheme"/>
</rdf:Description>

<rdf:Description rdf:about="&ns1;place-Dronthem">
  <skos:inScheme rdf:resource="&ns1;GZMPlaceScheme"/>
</rdf:Description>

<rdf:Description rdf:about="&ns1;place-Rostock">
  <skos:inScheme rdf:resource="&ns1;GZMPlaceScheme"/>
</rdf:Description>

<rdf:Description rdf:about="&ns1;place-Ganges_in_de_rivier">
  <skos:inScheme rdf:resource="&ns1;GZMPlaceScheme"/>
</rdf:Description>

<rdf:Description rdf:about="&ns1;place-Oosterh">
  <skos:inScheme rdf:resource="&ns1;GZMPlaceScheme"/>
</rdf:Description>

<rdf:Description rdf:about="&ns1;place-Edam_aan_het_eiland">
  <skos:inScheme rdf:resource="&ns1;GZMPlaceScheme"/>
</rdf:Description>

<rdf:Description rdf:about="&ns1;place-Banda_baaij_van">
  <skos:inScheme rdf:resource="&ns1;GZMPlaceScheme"/>
</rdf:Description>

<rdf:Description rdf:about="&ns1;place-India_op_de_cust_van_onder_de_vlag_van_den_vice_Commandeur_Harmen_Voet">
  <skos:inScheme rdf:resource="&ns1;GZMPlaceScheme"/>
</rdf:Description>

<rdf:Description rdf:about="&ns1;place-Femeeren">
  <skos:inScheme rdf:resource="&ns1;GZMPlaceScheme"/>
</rdf:Description>

<rdf:Description rdf:about="&ns1;place-Siam_ter_rheede">
  <skos:inScheme rdf:resource="&ns1;GZMPlaceScheme"/>
</rdf:Description>

<rdf:Description rdf:about="&ns1;place-Middelburgh">
  <skos:inScheme rdf:resource="&ns1;GZMPlaceScheme"/>
</rdf:Description>

<rdf:Description rdf:about="&ns1;place-Zee_van_Souratta_naar_Batavia">
  <skos:inScheme rdf:resource="&ns1;GZMPlaceScheme"/>
</rdf:Description>

<rdf:Description rdf:about="&ns1;place-Antwerpen">
  <skos:inScheme rdf:resource="&ns1;GZMPlaceScheme"/>
</rdf:Description>

<rdf:Description rdf:about="&ns1;place-Noordwijk_Binnen">
  <skos:inScheme rdf:resource="&ns1;GZMPlaceScheme"/>
</rdf:Description>

<rdf:Description rdf:about="&ns1;place-Buijksloot">
  <skos:inScheme rdf:resource="&ns1;GZMPlaceScheme"/>
</rdf:Description>

<rdf:Description rdf:about="&ns1;place-Gottenburg">
  <skos:inScheme rdf:resource="&ns1;GZMPlaceScheme"/>
</rdf:Description>

<rdf:Description rdf:about="&ns1;place-Japara_ter_rheede_Noordoostkust_Java">
  <skos:inScheme rdf:resource="&ns1;GZMPlaceScheme"/>
</rdf:Description>

<rdf:Description rdf:about="&ns1;place-zee">
  <skos:inScheme rdf:resource="&ns1;GZMPlaceScheme"/>
</rdf:Description>

<rdf:Description rdf:about="&ns1;place-Palembang">
  <skos:inScheme rdf:resource="&ns1;GZMPlaceScheme"/>
</rdf:Description>

<rdf:Description rdf:about="&ns1;place-Nagapatnam">
  <skos:inScheme rdf:resource="&ns1;GZMPlaceScheme"/>
</rdf:Description>

<rdf:Description rdf:about="&ns1;place-Zee_tussen_Kilkarre_en_Ramenckoij">
  <skos:inScheme rdf:resource="&ns1;GZMPlaceScheme"/>
</rdf:Description>

<rdf:Description rdf:about="&ns1;place-Nieuwerkerk">
  <skos:inScheme rdf:resource="&ns1;GZMPlaceScheme"/>
</rdf:Description>

<rdf:Description rdf:about="&ns1;place-Mallaka">
  <skos:inScheme rdf:resource="&ns1;GZMPlaceScheme"/>
</rdf:Description>

<rdf:Description rdf:about="&ns1;place-Pallembang">
  <skos:inScheme rdf:resource="&ns1;GZMPlaceScheme"/>
</rdf:Description>

<rdf:Description rdf:about="&ns1;place-Flensberg_Flensburg">
  <skos:inScheme rdf:resource="&ns1;GZMPlaceScheme"/>
</rdf:Description>

<rdf:Description rdf:about="&ns1;place-Zee_op_reis_naar_Japan">
  <skos:inScheme rdf:resource="&ns1;GZMPlaceScheme"/>
</rdf:Description>

<rdf:Description rdf:about="&ns1;place-Coufensh">
  <skos:inScheme rdf:resource="&ns1;GZMPlaceScheme"/>
</rdf:Description>

<rdf:Description rdf:about="&ns1;place-Langedijk">
  <skos:inScheme rdf:resource="&ns1;GZMPlaceScheme"/>
</rdf:Description>

<rdf:Description rdf:about="&ns1;place-Sunda_straat_van">
  <skos:inScheme rdf:resource="&ns1;GZMPlaceScheme"/>
</rdf:Description>

<rdf:Description rdf:about="&ns1;place-Zallam_1689">
  <skos:inScheme rdf:resource="&ns1;GZMPlaceScheme"/>
</rdf:Description>

<rdf:Description rdf:about="&ns1;place-Alkmaar">
  <skos:inScheme rdf:resource="&ns1;GZMPlaceScheme"/>
</rdf:Description>

<rdf:Description rdf:about="&ns1;place-Hamburg">
  <skos:inScheme rdf:resource="&ns1;GZMPlaceScheme"/>
</rdf:Description>

<rdf:Description rdf:about="&ns1;place-Straalsont">
  <skos:inScheme rdf:resource="&ns1;GZMPlaceScheme"/>
</rdf:Description>

<rdf:Description rdf:about="&ns1;place-Zee_van_Rembang_naar_Batavia">
  <skos:inScheme rdf:resource="&ns1;GZMPlaceScheme"/>
</rdf:Description>

<rdf:Description rdf:about="&ns1;place-Carelshaven">
  <skos:inScheme rdf:resource="&ns1;GZMPlaceScheme"/>
</rdf:Description>

<rdf:Description rdf:about="&ns1;place-Mocha_ter_rheede">
  <skos:inScheme rdf:resource="&ns1;GZMPlaceScheme"/>
</rdf:Description>

<rdf:Description rdf:about="&ns1;place-Coupang_voor_casteel_Concordia">
  <skos:inScheme rdf:resource="&ns1;GZMPlaceScheme"/>
</rdf:Description>

<rdf:Description rdf:about="&ns1;place-Bornholm">
  <skos:inScheme rdf:resource="&ns1;GZMPlaceScheme"/>
</rdf:Description>

<rdf:Description rdf:about="&ns1;place-Beijerlant">
  <skos:inScheme rdf:resource="&ns1;GZMPlaceScheme"/>
</rdf:Description>

<rdf:Description rdf:about="&ns1;place-Spijkennis">
  <skos:inScheme rdf:resource="&ns1;GZMPlaceScheme"/>
</rdf:Description>

<rdf:Description rdf:about="&ns1;place-Munnikend">
  <skos:inScheme rdf:resource="&ns1;GZMPlaceScheme"/>
</rdf:Description>

<rdf:Description rdf:about="&ns1;place-Timor_tot">
  <skos:inScheme rdf:resource="&ns1;GZMPlaceScheme"/>
</rdf:Description>

<rdf:Description rdf:about="&ns1;place-Maassluijs">
  <skos:inScheme rdf:resource="&ns1;GZMPlaceScheme"/>
</rdf:Description>

<rdf:Description rdf:about="&ns1;place-Toncquin">
  <skos:inScheme rdf:resource="&ns1;GZMPlaceScheme"/>
</rdf:Description>

<rdf:Description rdf:about="&ns1;place-Sint_Malo">
  <skos:inScheme rdf:resource="&ns1;GZMPlaceScheme"/>
</rdf:Description>

<rdf:Description rdf:about="&ns1;place-Ponecaijl">
  <skos:inScheme rdf:resource="&ns1;GZMPlaceScheme"/>
</rdf:Description>

<rdf:Description rdf:about="&ns1;place-Semeren">
  <skos:inScheme rdf:resource="&ns1;GZMPlaceScheme"/>
</rdf:Description>

<rdf:Description rdf:about="&ns1;place-Amboina">
  <skos:inScheme rdf:resource="&ns1;GZMPlaceScheme"/>
</rdf:Description>

<rdf:Description rdf:about="&ns1;place-Brussel">
  <skos:inScheme rdf:resource="&ns1;GZMPlaceScheme"/>
</rdf:Description>

<rdf:Description rdf:about="&ns1;place-Bergen_Noorwegen">
  <skos:inScheme rdf:resource="&ns1;GZMPlaceScheme"/>
</rdf:Description>

<rdf:Description rdf:about="&ns1;place-Zee_naar_Nagapatnam">
  <skos:inScheme rdf:resource="&ns1;GZMPlaceScheme"/>
</rdf:Description>

<rdf:Description rdf:about="&ns1;place-Calpettij">
  <skos:inScheme rdf:resource="&ns1;GZMPlaceScheme"/>
</rdf:Description>

<rdf:Description rdf:about="&ns1;place-Ijapad">
  <skos:inScheme rdf:resource="&ns1;GZMPlaceScheme"/>
</rdf:Description>

<rdf:Description rdf:about="&ns1;place-Tutucorijn_geankerd_op_de_hoekersrhee">
  <skos:inScheme rdf:resource="&ns1;GZMPlaceScheme"/>
</rdf:Description>

<rdf:Description rdf:about="&ns1;place-Zee_naar_Japan">
  <skos:inScheme rdf:resource="&ns1;GZMPlaceScheme"/>
</rdf:Description>

<rdf:Description rdf:about="&ns1;place-Edam">
  <skos:inScheme rdf:resource="&ns1;GZMPlaceScheme"/>
</rdf:Description>

<rdf:Description rdf:about="&ns1;place-Malacca_kruijsend_omtrent">
  <skos:inScheme rdf:resource="&ns1;GZMPlaceScheme"/>
</rdf:Description>

<rdf:Description rdf:about="&ns1;place-Lijden">
  <skos:inScheme rdf:resource="&ns1;GZMPlaceScheme"/>
</rdf:Description>

<rdf:Description rdf:about="&ns1;place-Nieuwpoort">
  <skos:inScheme rdf:resource="&ns1;GZMPlaceScheme"/>
</rdf:Description>

<rdf:Description rdf:about="&ns1;place-Appenroode">
  <skos:inScheme rdf:resource="&ns1;GZMPlaceScheme"/>
</rdf:Description>

<rdf:Description rdf:about="&ns1;place-Altona_Altena">
  <skos:inScheme rdf:resource="&ns1;GZMPlaceScheme"/>
</rdf:Description>

<rdf:Description rdf:about="&ns1;place-Ter_Veere">
  <skos:inScheme rdf:resource="&ns1;GZMPlaceScheme"/>
</rdf:Description>

<rdf:Description rdf:about="&ns1;place-Andermijen">
  <skos:inScheme rdf:resource="&ns1;GZMPlaceScheme"/>
</rdf:Description>

<rdf:Description rdf:about="&ns1;place-Wesop">
  <skos:inScheme rdf:resource="&ns1;GZMPlaceScheme"/>
</rdf:Description>

<rdf:Description rdf:about="&ns1;place-Maaslansluijs">
  <skos:inScheme rdf:resource="&ns1;GZMPlaceScheme"/>
</rdf:Description>

<rdf:Description rdf:about="&ns1;place-Cochin_Rivier_van">
  <skos:inScheme rdf:resource="&ns1;GZMPlaceScheme"/>
</rdf:Description>

<rdf:Description rdf:about="&ns1;place-Herfert">
  <skos:inScheme rdf:resource="&ns1;GZMPlaceScheme"/>
</rdf:Description>

<rdf:Description rdf:about="&ns1;place-Bergen_op_Zoom">
  <skos:inScheme rdf:resource="&ns1;GZMPlaceScheme"/>
</rdf:Description>

<rdf:Description rdf:about="&ns1;place-Maijo">
  <skos:inScheme rdf:resource="&ns1;GZMPlaceScheme"/>
</rdf:Description>

<rdf:Description rdf:about="&ns1;place-Cuijper_aan_het_eijland">
  <skos:inScheme rdf:resource="&ns1;GZMPlaceScheme"/>
</rdf:Description>

<rdf:Description rdf:about="&ns1;place-Uijtregt">
  <skos:inScheme rdf:resource="&ns1;GZMPlaceScheme"/>
</rdf:Description>

<rdf:Description rdf:about="&ns1;place-Borch">
  <skos:inScheme rdf:resource="&ns1;GZMPlaceScheme"/>
</rdf:Description>

<rdf:Description rdf:about="&ns1;place-Aldenburg">
  <skos:inScheme rdf:resource="&ns1;GZMPlaceScheme"/>
</rdf:Description>

<rdf:Description rdf:about="&ns1;place-Zee_zeijlende_omtrent_de_buiten_westcust">
  <skos:inScheme rdf:resource="&ns1;GZMPlaceScheme"/>
</rdf:Description>

<rdf:Description rdf:about="&ns1;place-Ter_Veen">
  <skos:inScheme rdf:resource="&ns1;GZMPlaceScheme"/>
</rdf:Description>

<rdf:Description rdf:about="&ns1;place-Macassar">
  <skos:inScheme rdf:resource="&ns1;GZMPlaceScheme"/>
</rdf:Description>

<rdf:Description rdf:about="&ns1;place-Flaenderingen">
  <skos:inScheme rdf:resource="&ns1;GZMPlaceScheme"/>
</rdf:Description>

<rdf:Description rdf:about="&ns1;place-Jeverland">
  <skos:inScheme rdf:resource="&ns1;GZMPlaceScheme"/>
</rdf:Description>

<rdf:Description rdf:about="&ns1;place-Lukhuijsen">
  <skos:inScheme rdf:resource="&ns1;GZMPlaceScheme"/>
</rdf:Description>

<rdf:Description rdf:about="&ns1;place-Brouwershaven">
  <skos:inScheme rdf:resource="&ns1;GZMPlaceScheme"/>
</rdf:Description>

<rdf:Description rdf:about="&ns1;place-Suriname">
  <skos:inScheme rdf:resource="&ns1;GZMPlaceScheme"/>
</rdf:Description>

<rdf:Description rdf:about="&ns1;place-Padangh">
  <skos:inScheme rdf:resource="&ns1;GZMPlaceScheme"/>
</rdf:Description>

<rdf:Description rdf:about="&ns1;place-Stokholm">
  <skos:inScheme rdf:resource="&ns1;GZMPlaceScheme"/>
</rdf:Description>

<rdf:Description rdf:about="&ns1;place-V_lielo">
  <skos:inScheme rdf:resource="&ns1;GZMPlaceScheme"/>
</rdf:Description>

<rdf:Description rdf:about="&ns1;place-Uijtdebroek">
  <skos:inScheme rdf:resource="&ns1;GZMPlaceScheme"/>
</rdf:Description>

<rdf:Description rdf:about="&ns1;place-Chiribon">
  <skos:inScheme rdf:resource="&ns1;GZMPlaceScheme"/>
</rdf:Description>

<rdf:Description rdf:about="&ns1;place-Vlssingen">
  <skos:inScheme rdf:resource="&ns1;GZMPlaceScheme"/>
</rdf:Description>

<rdf:Description rdf:about="&ns1;place-Huijsen">
  <skos:inScheme rdf:resource="&ns1;GZMPlaceScheme"/>
</rdf:Description>

<rdf:Description rdf:about="&ns1;place-Dorth">
  <skos:inScheme rdf:resource="&ns1;GZMPlaceScheme"/>
</rdf:Description>

<rdf:Description rdf:about="&ns1;place-Maeslandsluijs">
  <skos:inScheme rdf:resource="&ns1;GZMPlaceScheme"/>
</rdf:Description>

<rdf:Description rdf:about="&ns1;place-Zee_naar_China">
  <skos:inScheme rdf:resource="&ns1;GZMPlaceScheme"/>
</rdf:Description>

<rdf:Description rdf:about="&ns1;place-Zuijdland">
  <skos:inScheme rdf:resource="&ns1;GZMPlaceScheme"/>
</rdf:Description>

<rdf:Description rdf:about="&ns1;place-Vlieland">
  <skos:inScheme rdf:resource="&ns1;GZMPlaceScheme"/>
</rdf:Description>

<rdf:Description rdf:about="&ns1;place-Ceijlon">
  <skos:inScheme rdf:resource="&ns1;GZMPlaceScheme"/>
</rdf:Description>

<rdf:Description rdf:about="&ns1;place-Hulst">
  <skos:inScheme rdf:resource="&ns1;GZMPlaceScheme"/>
</rdf:Description>

<rdf:Description rdf:about="&ns1;place-Cuijper_eiland">
  <skos:inScheme rdf:resource="&ns1;GZMPlaceScheme"/>
</rdf:Description>

<rdf:Description rdf:about="&ns1;place-Palimbang">
  <skos:inScheme rdf:resource="&ns1;GZMPlaceScheme"/>
</rdf:Description>

<rdf:Description rdf:about="&ns1;place-Palembang_ten_comptoire">
  <skos:inScheme rdf:resource="&ns1;GZMPlaceScheme"/>
</rdf:Description>

<rdf:Description rdf:about="&ns1;place-Zee_naar_Samarang">
  <skos:inScheme rdf:resource="&ns1;GZMPlaceScheme"/>
</rdf:Description>

<rdf:Description rdf:about="&ns1;place-Intormaij">
  <skos:inScheme rdf:resource="&ns1;GZMPlaceScheme"/>
</rdf:Description>

<rdf:Description rdf:about="&ns1;place-Maaslands">
  <skos:inScheme rdf:resource="&ns1;GZMPlaceScheme"/>
</rdf:Description>

<rdf:Description rdf:about="&ns1;place-Persia_ter_rhede">
  <skos:inScheme rdf:resource="&ns1;GZMPlaceScheme"/>
</rdf:Description>

<rdf:Description rdf:about="&ns1;place-Zadan_baaij">
  <skos:inScheme rdf:resource="&ns1;GZMPlaceScheme"/>
</rdf:Description>

<rdf:Description rdf:about="&ns1;place-Holwert">
  <skos:inScheme rdf:resource="&ns1;GZMPlaceScheme"/>
</rdf:Description>

<rdf:Description rdf:about="&ns1;place-Rio_de_La_Goa_fortres_De_Leijdsaamheijd">
  <skos:inScheme rdf:resource="&ns1;GZMPlaceScheme"/>
</rdf:Description>

<rdf:Description rdf:about="&ns1;place-Rdam">
  <skos:inScheme rdf:resource="&ns1;GZMPlaceScheme"/>
</rdf:Description>

<rdf:Description rdf:about="&ns1;place-Zee_zeijlende_over_Bengalen_na_Patria">
  <skos:inScheme rdf:resource="&ns1;GZMPlaceScheme"/>
</rdf:Description>

<rdf:Description rdf:about="&ns1;place-Sillo">
  <skos:inScheme rdf:resource="&ns1;GZMPlaceScheme"/>
</rdf:Description>

<rdf:Description rdf:about="&ns1;place-Galenburg">
  <skos:inScheme rdf:resource="&ns1;GZMPlaceScheme"/>
</rdf:Description>

<rdf:Description rdf:about="&ns1;place-Kukhuijs">
  <skos:inScheme rdf:resource="&ns1;GZMPlaceScheme"/>
</rdf:Description>

<rdf:Description rdf:about="&ns1;place-Maekum">
  <skos:inScheme rdf:resource="&ns1;GZMPlaceScheme"/>
</rdf:Description>

<rdf:Description rdf:about="&ns1;place-Coupang">
  <skos:inScheme rdf:resource="&ns1;GZMPlaceScheme"/>
</rdf:Description>

<rdf:Description rdf:about="&ns1;place-Doevre">
  <skos:inScheme rdf:resource="&ns1;GZMPlaceScheme"/>
</rdf:Description>

<rdf:Description rdf:about="&ns1;place-Java_op_de_kruijsvloot_bij_Javas_oostkust">
  <skos:inScheme rdf:resource="&ns1;GZMPlaceScheme"/>
</rdf:Description>

<rdf:Description rdf:about="&ns1;place-Kaap_de_Goede_Hoop">
  <skos:inScheme rdf:resource="&ns1;GZMPlaceScheme"/>
</rdf:Description>

<rdf:Description rdf:about="&ns1;place-De_Kelder">
  <skos:inScheme rdf:resource="&ns1;GZMPlaceScheme"/>
</rdf:Description>

<rdf:Description rdf:about="&ns1;place-Padangh_Sumatra">
  <skos:inScheme rdf:resource="&ns1;GZMPlaceScheme"/>
</rdf:Description>

<rdf:Description rdf:about="&ns1;place-Bantam">
  <skos:inScheme rdf:resource="&ns1;GZMPlaceScheme"/>
</rdf:Description>

<rdf:Description rdf:about="&ns1;place-Zee">
  <skos:inScheme rdf:resource="&ns1;GZMPlaceScheme"/>
</rdf:Description>

<rdf:Description rdf:about="&ns1;place-Wrevehaven">
  <skos:inScheme rdf:resource="&ns1;GZMPlaceScheme"/>
</rdf:Description>

<rdf:Description rdf:about="&ns1;place-Doevres_in_Bengalen">
  <skos:inScheme rdf:resource="&ns1;GZMPlaceScheme"/>
</rdf:Description>

<rdf:Description rdf:about="&ns1;place-Brommee">
  <skos:inScheme rdf:resource="&ns1;GZMPlaceScheme"/>
</rdf:Description>

<rdf:Description rdf:about="&ns1;place-Coromandal_onderweg_naar">
  <skos:inScheme rdf:resource="&ns1;GZMPlaceScheme"/>
</rdf:Description>

<rdf:Description rdf:about="&ns1;place-Houglij">
  <skos:inScheme rdf:resource="&ns1;GZMPlaceScheme"/>
</rdf:Description>

<rdf:Description rdf:about="&ns1;place-Zee_naar_Palembang">
  <skos:inScheme rdf:resource="&ns1;GZMPlaceScheme"/>
</rdf:Description>

<rdf:Description rdf:about="&ns1;place-Rambang">
  <skos:inScheme rdf:resource="&ns1;GZMPlaceScheme"/>
</rdf:Description>

<rdf:Description rdf:about="&ns1;place-Den_Briel">
  <skos:inScheme rdf:resource="&ns1;GZMPlaceScheme"/>
</rdf:Description>

<rdf:Description rdf:about="&ns1;place-Pointecail">
  <skos:inScheme rdf:resource="&ns1;GZMPlaceScheme"/>
</rdf:Description>

<rdf:Description rdf:about="&ns1;place-Amsterdam">
  <skos:inScheme rdf:resource="&ns1;GZMPlaceScheme"/>
</rdf:Description>

<rdf:Description rdf:about="&ns1;place-Maccassar_ter_rheede">
  <skos:inScheme rdf:resource="&ns1;GZMPlaceScheme"/>
</rdf:Description>

<rdf:Description rdf:about="&ns1;place-Nederworden">
  <skos:inScheme rdf:resource="&ns1;GZMPlaceScheme"/>
</rdf:Description>

<rdf:Description rdf:about="&ns1;place-Ponncail">
  <skos:inScheme rdf:resource="&ns1;GZMPlaceScheme"/>
</rdf:Description>

<rdf:Description rdf:about="&ns1;place-Java_s_Noordoostcust">
  <skos:inScheme rdf:resource="&ns1;GZMPlaceScheme"/>
</rdf:Description>

<rdf:Description rdf:about="&ns1;place-Frijburg">
  <skos:inScheme rdf:resource="&ns1;GZMPlaceScheme"/>
</rdf:Description>

<rdf:Description rdf:about="&ns1;place-Zee_naar_Java">
  <skos:inScheme rdf:resource="&ns1;GZMPlaceScheme"/>
</rdf:Description>

<rdf:Description rdf:about="&ns1;place-Zee_in_commissie_naar_de_Manado">
  <skos:inScheme rdf:resource="&ns1;GZMPlaceScheme"/>
</rdf:Description>

<rdf:Description rdf:about="&ns1;place-Niet_gegeven">
  <skos:inScheme rdf:resource="&ns1;GZMPlaceScheme"/>
</rdf:Description>

<rdf:Description rdf:about="&ns1;place-Cormandel">
  <skos:inScheme rdf:resource="&ns1;GZMPlaceScheme"/>
</rdf:Description>

<rdf:Description rdf:about="&ns1;place-Holstijn">
  <skos:inScheme rdf:resource="&ns1;GZMPlaceScheme"/>
</rdf:Description>

<rdf:Description rdf:about="&ns1;place-Christiansant">
  <skos:inScheme rdf:resource="&ns1;GZMPlaceScheme"/>
</rdf:Description>

<rdf:Description rdf:about="&ns1;place-Zee_Batavia_-_Java">
  <skos:inScheme rdf:resource="&ns1;GZMPlaceScheme"/>
</rdf:Description>

<rdf:Description rdf:about="&ns1;place-Java_oostcust">
  <skos:inScheme rdf:resource="&ns1;GZMPlaceScheme"/>
</rdf:Description>

<rdf:Description rdf:about="&ns1;place-Rederworden">
  <skos:inScheme rdf:resource="&ns1;GZMPlaceScheme"/>
</rdf:Description>

<rdf:Description rdf:about="&ns1;place-Teming">
  <skos:inScheme rdf:resource="&ns1;GZMPlaceScheme"/>
</rdf:Description>

<rdf:Description rdf:about="&ns1;place-Trincolemale">
  <skos:inScheme rdf:resource="&ns1;GZMPlaceScheme"/>
</rdf:Description>

<rdf:Description rdf:about="&ns1;place-Zee_Straat_Banka">
  <skos:inScheme rdf:resource="&ns1;GZMPlaceScheme"/>
</rdf:Description>

<rdf:Description rdf:about="&ns1;place-Godland">
  <skos:inScheme rdf:resource="&ns1;GZMPlaceScheme"/>
</rdf:Description>

<rdf:Description rdf:about="&ns1;place-Hoogcarspel">
  <skos:inScheme rdf:resource="&ns1;GZMPlaceScheme"/>
</rdf:Description>

<rdf:Description rdf:about="&ns1;place-Trincquenemale">
  <skos:inScheme rdf:resource="&ns1;GZMPlaceScheme"/>
</rdf:Description>

<rdf:Description rdf:about="&ns1;place-Coningxbergen">
  <skos:inScheme rdf:resource="&ns1;GZMPlaceScheme"/>
</rdf:Description>

<rdf:Description rdf:about="&ns1;place-Aspegendam">
  <skos:inScheme rdf:resource="&ns1;GZMPlaceScheme"/>
</rdf:Description>

<rdf:Description rdf:about="&ns1;place-Coevert">
  <skos:inScheme rdf:resource="&ns1;GZMPlaceScheme"/>
</rdf:Description>

<rdf:Description rdf:about="&ns1;place-Calpettijn_leggende_tot">
  <skos:inScheme rdf:resource="&ns1;GZMPlaceScheme"/>
</rdf:Description>

<rdf:Description rdf:about="&ns1;place-Deltena">
  <skos:inScheme rdf:resource="&ns1;GZMPlaceScheme"/>
</rdf:Description>

<rdf:Description rdf:about="&ns1;place-Gale_baaij_van">
  <skos:inScheme rdf:resource="&ns1;GZMPlaceScheme"/>
</rdf:Description>

<rdf:Description rdf:about="&ns1;place-Catwijk">
  <skos:inScheme rdf:resource="&ns1;GZMPlaceScheme"/>
</rdf:Description>

<rdf:Description rdf:about="&ns1;place-Remik">
  <skos:inScheme rdf:resource="&ns1;GZMPlaceScheme"/>
</rdf:Description>

<rdf:Description rdf:about="&ns1;place-Zee_van_Batavia_naar_Padang">
  <skos:inScheme rdf:resource="&ns1;GZMPlaceScheme"/>
</rdf:Description>

<rdf:Description rdf:about="&ns1;place-Zee_over_China_na_Patria">
  <skos:inScheme rdf:resource="&ns1;GZMPlaceScheme"/>
</rdf:Description>

<rdf:Description rdf:about="&ns1;place-Utregt">
  <skos:inScheme rdf:resource="&ns1;GZMPlaceScheme"/>
</rdf:Description>

<rdf:Description rdf:about="&ns1;place-Doordh">
  <skos:inScheme rdf:resource="&ns1;GZMPlaceScheme"/>
</rdf:Description>

<rdf:Description rdf:about="&ns1;place-Somorgen">
  <skos:inScheme rdf:resource="&ns1;GZMPlaceScheme"/>
</rdf:Description>

<rdf:Description rdf:about="&ns1;place-Gestrand_Kaap_de_Goede_Hoop">
  <skos:inScheme rdf:resource="&ns1;GZMPlaceScheme"/>
</rdf:Description>

<rdf:Description rdf:about="&ns1;place-Dordrecht">
  <skos:inScheme rdf:resource="&ns1;GZMPlaceScheme"/>
</rdf:Description>

<rdf:Description rdf:about="&ns1;place-Bengalen_rivier_of_ter_rheede">
  <skos:inScheme rdf:resource="&ns1;GZMPlaceScheme"/>
</rdf:Description>

<rdf:Description rdf:about="&ns1;place-Brewerlee">
  <skos:inScheme rdf:resource="&ns1;GZMPlaceScheme"/>
</rdf:Description>

<rdf:Description rdf:about="&ns1;place-Nieuwegen">
  <skos:inScheme rdf:resource="&ns1;GZMPlaceScheme"/>
</rdf:Description>

<rdf:Description rdf:about="&ns1;place-Jafnapatnam">
  <skos:inScheme rdf:resource="&ns1;GZMPlaceScheme"/>
</rdf:Description>

<rdf:Description rdf:about="&ns1;place-Volta">
  <skos:inScheme rdf:resource="&ns1;GZMPlaceScheme"/>
</rdf:Description>

<rdf:Description rdf:about="&ns1;place-Lamhertijn">
  <skos:inScheme rdf:resource="&ns1;GZMPlaceScheme"/>
</rdf:Description>

<rdf:Description rdf:about="&ns1;place-Amersfort">
  <skos:inScheme rdf:resource="&ns1;GZMPlaceScheme"/>
</rdf:Description>

<rdf:Description rdf:about="&ns1;place-Zee_naar_Tagal">
  <skos:inScheme rdf:resource="&ns1;GZMPlaceScheme"/>
</rdf:Description>

<rdf:Description rdf:about="&ns1;place-Dansig">
  <skos:inScheme rdf:resource="&ns1;GZMPlaceScheme"/>
</rdf:Description>

<rdf:Description rdf:about="&ns1;place-Suratte">
  <skos:inScheme rdf:resource="&ns1;GZMPlaceScheme"/>
</rdf:Description>

<rdf:Description rdf:about="&ns1;place-Hoeson">
  <skos:inScheme rdf:resource="&ns1;GZMPlaceScheme"/>
</rdf:Description>

<rdf:Description rdf:about="&ns1;place-Bombaia_in_de_baaij">
  <skos:inScheme rdf:resource="&ns1;GZMPlaceScheme"/>
</rdf:Description>

<rdf:Description rdf:about="&ns1;place-Alblasserdam">
  <skos:inScheme rdf:resource="&ns1;GZMPlaceScheme"/>
</rdf:Description>

<rdf:Description rdf:about="&ns1;place-Zee_Sumatra_s_westkust">
  <skos:inScheme rdf:resource="&ns1;GZMPlaceScheme"/>
</rdf:Description>

<rdf:Description rdf:about="&ns1;place-Honslaardijk">
  <skos:inScheme rdf:resource="&ns1;GZMPlaceScheme"/>
</rdf:Description>

<rdf:Description rdf:about="&ns1;place-Nedervorden">
  <skos:inScheme rdf:resource="&ns1;GZMPlaceScheme"/>
</rdf:Description>

<rdf:Description rdf:about="&ns1;place-Enkhuijzen">
  <skos:inScheme rdf:resource="&ns1;GZMPlaceScheme"/>
</rdf:Description>

<rdf:Description rdf:about="&ns1;place-Stockholm">
  <skos:inScheme rdf:resource="&ns1;GZMPlaceScheme"/>
</rdf:Description>

<rdf:Description rdf:about="&ns1;place-Mallabaar">
  <skos:inScheme rdf:resource="&ns1;GZMPlaceScheme"/>
</rdf:Description>

<rdf:Description rdf:about="&ns1;place-Qualla_d_Qualla_Damos">
  <skos:inScheme rdf:resource="&ns1;GZMPlaceScheme"/>
</rdf:Description>

<rdf:Description rdf:about="&ns1;place-Doesburg">
  <skos:inScheme rdf:resource="&ns1;GZMPlaceScheme"/>
</rdf:Description>

<rdf:Description rdf:about="&ns1;place-Wolshoop">
  <skos:inScheme rdf:resource="&ns1;GZMPlaceScheme"/>
</rdf:Description>

<rdf:Description rdf:about="&ns1;place-Doorne">
  <skos:inScheme rdf:resource="&ns1;GZMPlaceScheme"/>
</rdf:Description>

<rdf:Description rdf:about="&ns1;place-Leijden">
  <skos:inScheme rdf:resource="&ns1;GZMPlaceScheme"/>
</rdf:Description>

<rdf:Description rdf:about="&ns1;place-Joana">
  <skos:inScheme rdf:resource="&ns1;GZMPlaceScheme"/>
</rdf:Description>

<rdf:Description rdf:about="&ns1;place-Javaas_oostkust">
  <skos:inScheme rdf:resource="&ns1;GZMPlaceScheme"/>
</rdf:Description>

<rdf:Description rdf:about="&ns1;place-Hersingland">
  <skos:inScheme rdf:resource="&ns1;GZMPlaceScheme"/>
</rdf:Description>

<rdf:Description rdf:about="&ns1;place-Quale_de_Mack">
  <skos:inScheme rdf:resource="&ns1;GZMPlaceScheme"/>
</rdf:Description>

<rdf:Description rdf:about="&ns1;place-Smierna">
  <skos:inScheme rdf:resource="&ns1;GZMPlaceScheme"/>
</rdf:Description>

<rdf:Description rdf:about="&ns1;place-Leeuwarden">
  <skos:inScheme rdf:resource="&ns1;GZMPlaceScheme"/>
</rdf:Description>

<rdf:Description rdf:about="&ns1;place-Zurikszee">
  <skos:inScheme rdf:resource="&ns1;GZMPlaceScheme"/>
</rdf:Description>

<rdf:Description rdf:about="&ns1;place-Hoesent">
  <skos:inScheme rdf:resource="&ns1;GZMPlaceScheme"/>
</rdf:Description>

<rdf:Description rdf:about="&ns1;place-Zee_van_Batavia_naar_Japara">
  <skos:inScheme rdf:resource="&ns1;GZMPlaceScheme"/>
</rdf:Description>

<rdf:Description rdf:about="&ns1;place-Banka_straat_van">
  <skos:inScheme rdf:resource="&ns1;GZMPlaceScheme"/>
</rdf:Description>

<rdf:Description rdf:about="&ns1;place-Calpentijn">
  <skos:inScheme rdf:resource="&ns1;GZMPlaceScheme"/>
</rdf:Description>

<rdf:Description rdf:about="&ns1;place-Uijtrecht">
  <skos:inScheme rdf:resource="&ns1;GZMPlaceScheme"/>
</rdf:Description>

<rdf:Description rdf:about="&ns1;place-Stavangen">
  <skos:inScheme rdf:resource="&ns1;GZMPlaceScheme"/>
</rdf:Description>

<rdf:Description rdf:about="&ns1;place-Straalsond">
  <skos:inScheme rdf:resource="&ns1;GZMPlaceScheme"/>
</rdf:Description>

<rdf:Description rdf:about="&ns1;place-Maccasser">
  <skos:inScheme rdf:resource="&ns1;GZMPlaceScheme"/>
</rdf:Description>

<rdf:Description rdf:about="&ns1;place-Banka_de_straat_van">
  <skos:inScheme rdf:resource="&ns1;GZMPlaceScheme"/>
</rdf:Description>

<rdf:Description rdf:about="&ns1;place-Gorcum">
  <skos:inScheme rdf:resource="&ns1;GZMPlaceScheme"/>
</rdf:Description>

<rdf:Description rdf:about="&ns1;place-Bruggen">
  <skos:inScheme rdf:resource="&ns1;GZMPlaceScheme"/>
</rdf:Description>

<rdf:Description rdf:about="&ns1;place-Dukhuijsen">
  <skos:inScheme rdf:resource="&ns1;GZMPlaceScheme"/>
</rdf:Description>

<rdf:Description rdf:about="&ns1;place-Mannepaar">
  <skos:inScheme rdf:resource="&ns1;GZMPlaceScheme"/>
</rdf:Description>

<rdf:Description rdf:about="&ns1;place-Noordwijk_buumen">
  <skos:inScheme rdf:resource="&ns1;GZMPlaceScheme"/>
</rdf:Description>

<rdf:Description rdf:about="&ns1;place-Leijendorp">
  <skos:inScheme rdf:resource="&ns1;GZMPlaceScheme"/>
</rdf:Description>

<rdf:Description rdf:about="&ns1;place-Someren">
  <skos:inScheme rdf:resource="&ns1;GZMPlaceScheme"/>
</rdf:Description>

<rdf:Description rdf:about="&ns1;place-Souratta_rivier">
  <skos:inScheme rdf:resource="&ns1;GZMPlaceScheme"/>
</rdf:Description>

<rdf:Description rdf:about="&ns1;place-Onrust">
  <skos:inScheme rdf:resource="&ns1;GZMPlaceScheme"/>
</rdf:Description>

<rdf:Description rdf:about="&ns1;place-Bellesoon_ter_rheede">
  <skos:inScheme rdf:resource="&ns1;GZMPlaceScheme"/>
</rdf:Description>

<rdf:Description rdf:about="&ns1;place-Malacca">
  <skos:inScheme rdf:resource="&ns1;GZMPlaceScheme"/>
</rdf:Description>

<rdf:Description rdf:about="&ns1;place-Maaslantsluijs">
  <skos:inScheme rdf:resource="&ns1;GZMPlaceScheme"/>
</rdf:Description>

<rdf:Description rdf:about="&ns1;place-Zee_naar_Tucorijn">
  <skos:inScheme rdf:resource="&ns1;GZMPlaceScheme"/>
</rdf:Description>

<rdf:Description rdf:about="&ns1;place-De_Leeuwen_van_Rotterdam">
  <skos:inScheme rdf:resource="&ns1;GZMPlaceScheme"/>
</rdf:Description>

<rdf:Description rdf:about="&ns1;place-Fleurse">
  <skos:inScheme rdf:resource="&ns1;GZMPlaceScheme"/>
</rdf:Description>

<rdf:Description rdf:about="&ns1;place-Caabsbaij">
  <skos:inScheme rdf:resource="&ns1;GZMPlaceScheme"/>
</rdf:Description>

<rdf:Description rdf:about="&ns1;place-Utrecht">
  <skos:inScheme rdf:resource="&ns1;GZMPlaceScheme"/>
</rdf:Description>

<rdf:Description rdf:about="&ns1;place-Trinquene">
  <skos:inScheme rdf:resource="&ns1;GZMPlaceScheme"/>
</rdf:Description>

<rdf:Description rdf:about="&ns1;place-Dansigh">
  <skos:inScheme rdf:resource="&ns1;GZMPlaceScheme"/>
</rdf:Description>

<rdf:Description rdf:about="&ns1;place-Dantzig">
  <skos:inScheme rdf:resource="&ns1;GZMPlaceScheme"/>
</rdf:Description>

<rdf:Description rdf:about="&ns1;place-Manilla">
  <skos:inScheme rdf:resource="&ns1;GZMPlaceScheme"/>
</rdf:Description>

<rdf:Description rdf:about="&ns1;place-Kamperwijk">
  <skos:inScheme rdf:resource="&ns1;GZMPlaceScheme"/>
</rdf:Description>

<rdf:Description rdf:about="&ns1;place-Zee_van_Ternaten_naar_Batavia">
  <skos:inScheme rdf:resource="&ns1;GZMPlaceScheme"/>
</rdf:Description>

<rdf:Description rdf:about="&ns1;place-Holfaers">
  <skos:inScheme rdf:resource="&ns1;GZMPlaceScheme"/>
</rdf:Description>

<rdf:Description rdf:about="&ns1;place-Zee_van_Sumatras_West_naar_Bengalen">
  <skos:inScheme rdf:resource="&ns1;GZMPlaceScheme"/>
</rdf:Description>

<rdf:Description rdf:about="&ns1;place-Noordoost_Cust_Java_zijlende_langs">
  <skos:inScheme rdf:resource="&ns1;GZMPlaceScheme"/>
</rdf:Description>

<rdf:Description rdf:about="&ns1;place-Westkappel">
  <skos:inScheme rdf:resource="&ns1;GZMPlaceScheme"/>
</rdf:Description>

<rdf:Description rdf:about="&ns1;place-Hoogwout">
  <skos:inScheme rdf:resource="&ns1;GZMPlaceScheme"/>
</rdf:Description>

<rdf:Description rdf:about="&ns1;place-Martendijk">
  <skos:inScheme rdf:resource="&ns1;GZMPlaceScheme"/>
</rdf:Description>

<rdf:Description rdf:about="&ns1;place-Zee_van_Gale_naar_Batavia">
  <skos:inScheme rdf:resource="&ns1;GZMPlaceScheme"/>
</rdf:Description>

<rdf:Description rdf:about="&ns1;place-Backhuizen">
  <skos:inScheme rdf:resource="&ns1;GZMPlaceScheme"/>
</rdf:Description>

<rdf:Description rdf:about="&ns1;place-Persia">
  <skos:inScheme rdf:resource="&ns1;GZMPlaceScheme"/>
</rdf:Description>

<rdf:Description rdf:about="&ns1;place-Batacaloa">
  <skos:inScheme rdf:resource="&ns1;GZMPlaceScheme"/>
</rdf:Description>

<rdf:Description rdf:about="&ns1;place-Franecail">
  <skos:inScheme rdf:resource="&ns1;GZMPlaceScheme"/>
</rdf:Description>

<rdf:Description rdf:about="&ns1;place-Koningsbergen">
  <skos:inScheme rdf:resource="&ns1;GZMPlaceScheme"/>
</rdf:Description>

<rdf:Description rdf:about="&ns1;place-Edam_gemonsterd_voor_t_eiland">
  <skos:inScheme rdf:resource="&ns1;GZMPlaceScheme"/>
</rdf:Description>

<rdf:Description rdf:about="&ns1;place-Vere">
  <skos:inScheme rdf:resource="&ns1;GZMPlaceScheme"/>
</rdf:Description>

<rdf:Description rdf:about="&ns1;place-Mocha_ter_rhede">
  <skos:inScheme rdf:resource="&ns1;GZMPlaceScheme"/>
</rdf:Description>

<rdf:Description rdf:about="&ns1;place-Mallacca">
  <skos:inScheme rdf:resource="&ns1;GZMPlaceScheme"/>
</rdf:Description>

<rdf:Description rdf:about="&ns1;place-Alsmeer">
  <skos:inScheme rdf:resource="&ns1;GZMPlaceScheme"/>
</rdf:Description>

<rdf:Description rdf:about="&ns1;place-Gale_leggende_in_de_baaij_van">
  <skos:inScheme rdf:resource="&ns1;GZMPlaceScheme"/>
</rdf:Description>

<rdf:Description rdf:about="&ns1;place-De_Jouwer">
  <skos:inScheme rdf:resource="&ns1;GZMPlaceScheme"/>
</rdf:Description>

<rdf:Description rdf:about="&ns1;place-Pattena">
  <skos:inScheme rdf:resource="&ns1;GZMPlaceScheme"/>
</rdf:Description>

<rdf:Description rdf:about="&ns1;place-Trinconomalle">
  <skos:inScheme rdf:resource="&ns1;GZMPlaceScheme"/>
</rdf:Description>

<rdf:Description rdf:about="&ns1;place-Nimwegen">
  <skos:inScheme rdf:resource="&ns1;GZMPlaceScheme"/>
</rdf:Description>

<rdf:Description rdf:about="&ns1;place-Olfert">
  <skos:inScheme rdf:resource="&ns1;GZMPlaceScheme"/>
</rdf:Description>

<rdf:Description rdf:about="&ns1;place-Jambij_rivier">
  <skos:inScheme rdf:resource="&ns1;GZMPlaceScheme"/>
</rdf:Description>

<rdf:Description rdf:about="&ns1;place-Enkhuijsen">
  <skos:inScheme rdf:resource="&ns1;GZMPlaceScheme"/>
</rdf:Description>

<rdf:Description rdf:about="&ns1;place-Nieupoort">
  <skos:inScheme rdf:resource="&ns1;GZMPlaceScheme"/>
</rdf:Description>

<rdf:Description rdf:about="&ns1;place-Calpettijn_kruisende_tot">
  <skos:inScheme rdf:resource="&ns1;GZMPlaceScheme"/>
</rdf:Description>

<rdf:Description rdf:about="&ns1;place-Zee_van_Batavia_naar_Canton">
  <skos:inScheme rdf:resource="&ns1;GZMPlaceScheme"/>
</rdf:Description>

<rdf:Description rdf:about="&ns1;place-Zirkzee">
  <skos:inScheme rdf:resource="&ns1;GZMPlaceScheme"/>
</rdf:Description>

<rdf:Description rdf:about="&ns1;place-Waelscloot">
  <skos:inScheme rdf:resource="&ns1;GZMPlaceScheme"/>
</rdf:Description>

<rdf:Description rdf:about="&ns1;place-Coppenhaage">
  <skos:inScheme rdf:resource="&ns1;GZMPlaceScheme"/>
</rdf:Description>

<rdf:Description rdf:about="&ns1;place-Cochin">
  <skos:inScheme rdf:resource="&ns1;GZMPlaceScheme"/>
</rdf:Description>

<rdf:Description rdf:about="&ns1;place-Malabar_in_de_modderbaij_op_de_cust">
  <skos:inScheme rdf:resource="&ns1;GZMPlaceScheme"/>
</rdf:Description>

<rdf:Description rdf:about="&ns1;place-Zee_van_Batavia_naar_Japan">
  <skos:inScheme rdf:resource="&ns1;GZMPlaceScheme"/>
</rdf:Description>

<rdf:Description rdf:about="&ns1;place-In_zee_gemonstert">
  <skos:inScheme rdf:resource="&ns1;GZMPlaceScheme"/>
</rdf:Description>

<rdf:Description rdf:about="&ns1;place-Palingbang">
  <skos:inScheme rdf:resource="&ns1;GZMPlaceScheme"/>
</rdf:Description>

<rdf:Description rdf:about="&ns1;place-Hoesum">
  <skos:inScheme rdf:resource="&ns1;GZMPlaceScheme"/>
</rdf:Description>

<rdf:Description rdf:about="&ns1;place-Makassar">
  <skos:inScheme rdf:resource="&ns1;GZMPlaceScheme"/>
</rdf:Description>

<rdf:Description rdf:about="&ns1;place-Ponte_Cinco">
  <skos:inScheme rdf:resource="&ns1;GZMPlaceScheme"/>
</rdf:Description>

<rdf:Description rdf:about="&ns1;place-Deventer">
  <skos:inScheme rdf:resource="&ns1;GZMPlaceScheme"/>
</rdf:Description>

<rdf:Description rdf:about="&ns1;place-Dantzigh">
  <skos:inScheme rdf:resource="&ns1;GZMPlaceScheme"/>
</rdf:Description>

<rdf:Description rdf:about="&ns1;place-Vlissingen">
  <skos:inScheme rdf:resource="&ns1;GZMPlaceScheme"/>
</rdf:Description>

<rdf:Description rdf:about="&ns1;place-Als">
  <skos:inScheme rdf:resource="&ns1;GZMPlaceScheme"/>
</rdf:Description>

<rdf:Description rdf:about="&ns1;place-Zee_naar_Jambij">
  <skos:inScheme rdf:resource="&ns1;GZMPlaceScheme"/>
</rdf:Description>

<rdf:Description rdf:about="&ns1;place-Eufrates_in_de_rivier_naar_Bassoura">
  <skos:inScheme rdf:resource="&ns1;GZMPlaceScheme"/>
</rdf:Description>

<rdf:Description rdf:about="&ns1;place-Campen">
  <skos:inScheme rdf:resource="&ns1;GZMPlaceScheme"/>
</rdf:Description>

<rdf:Description rdf:about="&ns1;place-Japan_tot">
  <skos:inScheme rdf:resource="&ns1;GZMPlaceScheme"/>
</rdf:Description>

<rdf:Description rdf:about="&ns1;place-Zonderburg">
  <skos:inScheme rdf:resource="&ns1;GZMPlaceScheme"/>
</rdf:Description>

<rdf:Description rdf:about="&ns1;place-Maslands_luis">
  <skos:inScheme rdf:resource="&ns1;GZMPlaceScheme"/>
</rdf:Description>

<rdf:Description rdf:about="&ns1;place-Japara">
  <skos:inScheme rdf:resource="&ns1;GZMPlaceScheme"/>
</rdf:Description>

<rdf:Description rdf:about="&ns1;place-Cormandel_zeijlende_na">
  <skos:inScheme rdf:resource="&ns1;GZMPlaceScheme"/>
</rdf:Description>

<rdf:Description rdf:about="&ns1;place-Bankalis_rivier">
  <skos:inScheme rdf:resource="&ns1;GZMPlaceScheme"/>
</rdf:Description>

<rdf:Description rdf:about="&ns1;place-Ponnekail_ter_rheede">
  <skos:inScheme rdf:resource="&ns1;GZMPlaceScheme"/>
</rdf:Description>

<rdf:Description rdf:about="&ns1;place-Vlaardinge">
  <skos:inScheme rdf:resource="&ns1;GZMPlaceScheme"/>
</rdf:Description>

<rdf:Description rdf:about="&ns1;place-Trinconemale">
  <skos:inScheme rdf:resource="&ns1;GZMPlaceScheme"/>
</rdf:Description>

<rdf:Description rdf:about="&ns1;place-Panekoke_voor">
  <skos:inScheme rdf:resource="&ns1;GZMPlaceScheme"/>
</rdf:Description>

<rdf:Description rdf:about="&ns1;place-Mauritius">
  <skos:inScheme rdf:resource="&ns1;GZMPlaceScheme"/>
</rdf:Description>

<rdf:Description rdf:about="&ns1;place-Passourawang">
  <skos:inScheme rdf:resource="&ns1;GZMPlaceScheme"/>
</rdf:Description>

<rdf:Description rdf:about="&ns1;place-Herst_Leeuw_1710_Z">
  <skos:inScheme rdf:resource="&ns1;GZMPlaceScheme"/>
</rdf:Description>

<rdf:Description rdf:about="&ns1;place-Tagal_tot">
  <skos:inScheme rdf:resource="&ns1;GZMPlaceScheme"/>
</rdf:Description>

<rdf:Description rdf:about="&ns1;place-Rostok">
  <skos:inScheme rdf:resource="&ns1;GZMPlaceScheme"/>
</rdf:Description>

<rdf:Description rdf:about="&ns1;place-Helsing">
  <skos:inScheme rdf:resource="&ns1;GZMPlaceScheme"/>
</rdf:Description>

<rdf:Description rdf:about="&ns1;place-Oostgeest">
  <skos:inScheme rdf:resource="&ns1;GZMPlaceScheme"/>
</rdf:Description>

<rdf:Description rdf:about="&ns1;place-Bellesoor">
  <skos:inScheme rdf:resource="&ns1;GZMPlaceScheme"/>
</rdf:Description>

<rdf:Description rdf:about="&ns1;place-Ter_Veer">
  <skos:inScheme rdf:resource="&ns1;GZMPlaceScheme"/>
</rdf:Description>

<rdf:Description rdf:about="&ns1;place-Java_Oostkust">
  <skos:inScheme rdf:resource="&ns1;GZMPlaceScheme"/>
</rdf:Description>

<rdf:Description rdf:about="&ns1;place-Ritters">
  <skos:inScheme rdf:resource="&ns1;GZMPlaceScheme"/>
</rdf:Description>

<rdf:Description rdf:about="&ns1;place-Zee_van_Samarang_naar_Batavia">
  <skos:inScheme rdf:resource="&ns1;GZMPlaceScheme"/>
</rdf:Description>

<rdf:Description rdf:about="&ns1;place-Gale_in_het_gouvernement">
  <skos:inScheme rdf:resource="&ns1;GZMPlaceScheme"/>
</rdf:Description>

<rdf:Description rdf:about="&ns1;place-Eijselstijn">
  <skos:inScheme rdf:resource="&ns1;GZMPlaceScheme"/>
</rdf:Description>

<rdf:Description rdf:about="&ns1;place-Zee_naar_Cormandel">
  <skos:inScheme rdf:resource="&ns1;GZMPlaceScheme"/>
</rdf:Description>

<rdf:Description rdf:about="&ns1;place-Tutucorijn_ter_rhede">
  <skos:inScheme rdf:resource="&ns1;GZMPlaceScheme"/>
</rdf:Description>

<rdf:Description rdf:about="&ns1;place-Pontcail">
  <skos:inScheme rdf:resource="&ns1;GZMPlaceScheme"/>
</rdf:Description>

<rdf:Description rdf:about="&ns1;place-Tutucorijn_en_Gale">
  <skos:inScheme rdf:resource="&ns1;GZMPlaceScheme"/>
</rdf:Description>

<rdf:Description rdf:about="&ns1;place-Zee_naar_Ceijlon">
  <skos:inScheme rdf:resource="&ns1;GZMPlaceScheme"/>
</rdf:Description>

<rdf:Description rdf:about="&ns1;place-Batticaloa">
  <skos:inScheme rdf:resource="&ns1;GZMPlaceScheme"/>
</rdf:Description>

<rdf:Description rdf:about="&ns1;place-Watergang">
  <skos:inScheme rdf:resource="&ns1;GZMPlaceScheme"/>
</rdf:Description>

<rdf:Description rdf:about="&ns1;place-Cochin_In_de_rivier_van">
  <skos:inScheme rdf:resource="&ns1;GZMPlaceScheme"/>
</rdf:Description>

<rdf:Description rdf:about="&ns1;place-Japan_zeijlende_na">
  <skos:inScheme rdf:resource="&ns1;GZMPlaceScheme"/>
</rdf:Description>

<rdf:Description rdf:about="&ns1;place-Oostzaenen">
  <skos:inScheme rdf:resource="&ns1;GZMPlaceScheme"/>
</rdf:Description>

<rdf:Description rdf:about="&ns1;place-Paradessie">
  <skos:inScheme rdf:resource="&ns1;GZMPlaceScheme"/>
</rdf:Description>

<rdf:Description rdf:about="&ns1;place-Guinea_Nova">
  <skos:inScheme rdf:resource="&ns1;GZMPlaceScheme"/>
</rdf:Description>

<rdf:Description rdf:about="&ns1;place-Bengalen_rivier_Ganges">
  <skos:inScheme rdf:resource="&ns1;GZMPlaceScheme"/>
</rdf:Description>

<rdf:Description rdf:about="&ns1;place-West_terschelling">
  <skos:inScheme rdf:resource="&ns1;GZMPlaceScheme"/>
</rdf:Description>

<rdf:Description rdf:about="&ns1;place-Oosterhout">
  <skos:inScheme rdf:resource="&ns1;GZMPlaceScheme"/>
</rdf:Description>

<rdf:Description rdf:about="&ns1;place-Lubeek">
  <skos:inScheme rdf:resource="&ns1;GZMPlaceScheme"/>
</rdf:Description>

<rdf:Description rdf:about="&ns1;place-Dansk">
  <skos:inScheme rdf:resource="&ns1;GZMPlaceScheme"/>
</rdf:Description>

<rdf:Description rdf:about="&ns1;place-Simonsbay">
  <skos:inScheme rdf:resource="&ns1;GZMPlaceScheme"/>
</rdf:Description>

<rdf:Description rdf:about="&ns1;place-Feur">
  <skos:inScheme rdf:resource="&ns1;GZMPlaceScheme"/>
</rdf:Description>

<rdf:Description rdf:about="&ns1;place-Hanouw">
  <skos:inScheme rdf:resource="&ns1;GZMPlaceScheme"/>
</rdf:Description>

<rdf:Description rdf:about="&ns1;place-s_Hertogenbosch">
  <skos:inScheme rdf:resource="&ns1;GZMPlaceScheme"/>
</rdf:Description>

<rdf:Description rdf:about="&ns1;place-Tutecorijn">
  <skos:inScheme rdf:resource="&ns1;GZMPlaceScheme"/>
</rdf:Description>

<rdf:Description rdf:about="&ns1;place-Trinquenemale">
  <skos:inScheme rdf:resource="&ns1;GZMPlaceScheme"/>
</rdf:Description>

<rdf:Description rdf:about="&ns1;place-Groeinings">
  <skos:inScheme rdf:resource="&ns1;GZMPlaceScheme"/>
</rdf:Description>

<rdf:Description rdf:about="&ns1;place-Vlielant">
  <skos:inScheme rdf:resource="&ns1;GZMPlaceScheme"/>
</rdf:Description>

<rdf:Description rdf:about="&ns1;place-Dramme">
  <skos:inScheme rdf:resource="&ns1;GZMPlaceScheme"/>
</rdf:Description>

<rdf:Description rdf:about="&ns1;place-Spijkenes">
  <skos:inScheme rdf:resource="&ns1;GZMPlaceScheme"/>
</rdf:Description>

<rdf:Description rdf:about="&ns1;place-Nassauw">
  <skos:inScheme rdf:resource="&ns1;GZMPlaceScheme"/>
</rdf:Description>

<rdf:Description rdf:about="&ns1;place-Langehoven">
  <skos:inScheme rdf:resource="&ns1;GZMPlaceScheme"/>
</rdf:Description>

<rdf:Description rdf:about="&ns1;place-Zaldanhabaij_geankter_in_de">
  <skos:inScheme rdf:resource="&ns1;GZMPlaceScheme"/>
</rdf:Description>

<rdf:Description rdf:about="&ns1;place-Bommel">
  <skos:inScheme rdf:resource="&ns1;GZMPlaceScheme"/>
</rdf:Description>

<rdf:Description rdf:about="&ns1;place-Westcappelle">
  <skos:inScheme rdf:resource="&ns1;GZMPlaceScheme"/>
</rdf:Description>

<rdf:Description rdf:about="&ns1;place-Zee_van_Batavia_naar_Tutucorijn">
  <skos:inScheme rdf:resource="&ns1;GZMPlaceScheme"/>
</rdf:Description>

<rdf:Description rdf:about="&ns1;place-Noordwijk">
  <skos:inScheme rdf:resource="&ns1;GZMPlaceScheme"/>
</rdf:Description>

<rdf:Description rdf:about="&ns1;place-Zee_zeijlend_naar_Japan">
  <skos:inScheme rdf:resource="&ns1;GZMPlaceScheme"/>
</rdf:Description>

<rdf:Description rdf:about="&ns1;place-Smirna">
  <skos:inScheme rdf:resource="&ns1;GZMPlaceScheme"/>
</rdf:Description>

<rdf:Description rdf:about="&ns1;place-Sourabaija">
  <skos:inScheme rdf:resource="&ns1;GZMPlaceScheme"/>
</rdf:Description>

<rdf:Description rdf:about="&ns1;place-Tengal">
  <skos:inScheme rdf:resource="&ns1;GZMPlaceScheme"/>
</rdf:Description>

<rdf:Description rdf:about="&ns1;place-Simonsbay_Kaap_de_Goede_Hoop">
  <skos:inScheme rdf:resource="&ns1;GZMPlaceScheme"/>
</rdf:Description>

<rdf:Description rdf:about="&ns1;place-Rijkwijk">
  <skos:inScheme rdf:resource="&ns1;GZMPlaceScheme"/>
</rdf:Description>

<rdf:Description rdf:about="&ns1;place-Doewere">
  <skos:inScheme rdf:resource="&ns1;GZMPlaceScheme"/>
</rdf:Description>

<rdf:Description rdf:about="&ns1;place-Rio_de_La_Goa">
  <skos:inScheme rdf:resource="&ns1;GZMPlaceScheme"/>
</rdf:Description>

<rdf:Description rdf:about="&ns1;place-Maastlandsluijs">
  <skos:inScheme rdf:resource="&ns1;GZMPlaceScheme"/>
</rdf:Description>

<rdf:Description rdf:about="&ns1;place-Ter_Gouw">
  <skos:inScheme rdf:resource="&ns1;GZMPlaceScheme"/>
</rdf:Description>

<rdf:Description rdf:about="&ns1;place-Nieuwenkerk">
  <skos:inScheme rdf:resource="&ns1;GZMPlaceScheme"/>
</rdf:Description>

<rdf:Description rdf:about="&ns1;place-Fleusb_g">
  <skos:inScheme rdf:resource="&ns1;GZMPlaceScheme"/>
</rdf:Description>

<rdf:Description rdf:about="&ns1;place-Doekziel">
  <skos:inScheme rdf:resource="&ns1;GZMPlaceScheme"/>
</rdf:Description>

<rdf:Description rdf:about="&ns1;place-Bengalen_zeijlende_na">
  <skos:inScheme rdf:resource="&ns1;GZMPlaceScheme"/>
</rdf:Description>

<rdf:Description rdf:about="&ns1;place-Zee_van_Batavia_naar_Gale">
  <skos:inScheme rdf:resource="&ns1;GZMPlaceScheme"/>
</rdf:Description>

<rdf:Description rdf:about="&ns1;place-Zeven">
  <skos:inScheme rdf:resource="&ns1;GZMPlaceScheme"/>
</rdf:Description>

<rdf:Description rdf:about="&ns1;place-Den_Haag">
  <skos:inScheme rdf:resource="&ns1;GZMPlaceScheme"/>
</rdf:Description>

<rdf:Description rdf:about="&ns1;place-Zee_Sumatras_westkust">
  <skos:inScheme rdf:resource="&ns1;GZMPlaceScheme"/>
</rdf:Description>

<rdf:Description rdf:about="&ns1;place-Zee_naar_Canton">
  <skos:inScheme rdf:resource="&ns1;GZMPlaceScheme"/>
</rdf:Description>

<rdf:Description rdf:about="&ns1;place-Amterdam">
  <skos:inScheme rdf:resource="&ns1;GZMPlaceScheme"/>
</rdf:Description>

<rdf:Description rdf:about="&ns1;place-Caab_Houtbhaij">
  <skos:inScheme rdf:resource="&ns1;GZMPlaceScheme"/>
</rdf:Description>

<rdf:Description rdf:about="&ns1;place-Cornebaijje">
  <skos:inScheme rdf:resource="&ns1;GZMPlaceScheme"/>
</rdf:Description>

<rdf:Description rdf:about="&ns1;place-Ditmarsen">
  <skos:inScheme rdf:resource="&ns1;GZMPlaceScheme"/>
</rdf:Description>

<rdf:Description rdf:about="&ns1;place-Donsh">
  <skos:inScheme rdf:resource="&ns1;GZMPlaceScheme"/>
</rdf:Description>

<rdf:Description rdf:about="&ns1;place-Sunda_kruijsend_in_de_straat_van">
  <skos:inScheme rdf:resource="&ns1;GZMPlaceScheme"/>
</rdf:Description>

<rdf:Description rdf:about="&ns1;place-Schoonhoven">
  <skos:inScheme rdf:resource="&ns1;GZMPlaceScheme"/>
</rdf:Description>

<rdf:Description rdf:about="&ns1;place-Stavanger">
  <skos:inScheme rdf:resource="&ns1;GZMPlaceScheme"/>
</rdf:Description>

<rdf:Description rdf:about="&ns1;place-Sijbencappel">
  <skos:inScheme rdf:resource="&ns1;GZMPlaceScheme"/>
</rdf:Description>

<rdf:Description rdf:about="&ns1;place-Masulipatnam">
  <skos:inScheme rdf:resource="&ns1;GZMPlaceScheme"/>
</rdf:Description>

<rdf:Description rdf:about="&ns1;place-Werf">
  <skos:inScheme rdf:resource="&ns1;GZMPlaceScheme"/>
</rdf:Description>

<rdf:Description rdf:about="&ns1;place-Drammen">
  <skos:inScheme rdf:resource="&ns1;GZMPlaceScheme"/>
</rdf:Description>

<rdf:Description rdf:about="&ns1;place-Rembang">
  <skos:inScheme rdf:resource="&ns1;GZMPlaceScheme"/>
</rdf:Description>

<rdf:Description rdf:about="&ns1;place-Bengalen_in_de_rivier_de_Ganges_voor_Houglij">
  <skos:inScheme rdf:resource="&ns1;GZMPlaceScheme"/>
</rdf:Description>

<rdf:Description rdf:about="&ns1;place-Zee_zeijlend_van_Gamnon_naar_Tutocorijn">
  <skos:inScheme rdf:resource="&ns1;GZMPlaceScheme"/>
</rdf:Description>

<rdf:Description rdf:about="&ns1;place-Gale_baai">
  <skos:inScheme rdf:resource="&ns1;GZMPlaceScheme"/>
</rdf:Description>

<rdf:Description rdf:about="&ns1;place-Cheribon_ten_comptoire">
  <skos:inScheme rdf:resource="&ns1;GZMPlaceScheme"/>
</rdf:Description>

<rdf:Description rdf:about="&ns1;place-Manilla_baai">
  <skos:inScheme rdf:resource="&ns1;GZMPlaceScheme"/>
</rdf:Description>

<rdf:Description rdf:about="&ns1;place-Holden">
  <skos:inScheme rdf:resource="&ns1;GZMPlaceScheme"/>
</rdf:Description>

<rdf:Description rdf:about="&ns1;place-Zee_van_Batavia_naar_Cormandel">
  <skos:inScheme rdf:resource="&ns1;GZMPlaceScheme"/>
</rdf:Description>

<rdf:Description rdf:about="&ns1;place-Schermerkroon">
  <skos:inScheme rdf:resource="&ns1;GZMPlaceScheme"/>
</rdf:Description>

<rdf:Description rdf:about="&ns1;place-Leeubaarde">
  <skos:inScheme rdf:resource="&ns1;GZMPlaceScheme"/>
</rdf:Description>

<rdf:Description rdf:about="&ns1;place-Chirebon">
  <skos:inScheme rdf:resource="&ns1;GZMPlaceScheme"/>
</rdf:Description>

<rdf:Description rdf:about="&ns1;place-Prinseneiland">
  <skos:inScheme rdf:resource="&ns1;GZMPlaceScheme"/>
</rdf:Description>

<rdf:Description rdf:about="&ns1;place-Bremshaven">
  <skos:inScheme rdf:resource="&ns1;GZMPlaceScheme"/>
</rdf:Description>

<rdf:Description rdf:about="&ns1;place-Brems">
  <skos:inScheme rdf:resource="&ns1;GZMPlaceScheme"/>
</rdf:Description>

<rdf:Description rdf:about="&ns1;place-Amersfoort">
  <skos:inScheme rdf:resource="&ns1;GZMPlaceScheme"/>
</rdf:Description>

<rdf:Description rdf:about="&ns1;place-Rijswijk">
  <skos:inScheme rdf:resource="&ns1;GZMPlaceScheme"/>
</rdf:Description>

<rdf:Description rdf:about="&ns1;place-Caab_Saldanhabhaij">
  <skos:inScheme rdf:resource="&ns1;GZMPlaceScheme"/>
</rdf:Description>

<rdf:Description rdf:about="&ns1;place-Taroena">
  <skos:inScheme rdf:resource="&ns1;GZMPlaceScheme"/>
</rdf:Description>

<rdf:Description rdf:about="&ns1;place-Simonsbaij">
  <skos:inScheme rdf:resource="&ns1;GZMPlaceScheme"/>
</rdf:Description>

<rdf:Description rdf:about="&ns1;place-Zee_zeijlende_langs_Sumatra">
  <skos:inScheme rdf:resource="&ns1;GZMPlaceScheme"/>
</rdf:Description>

<rdf:Description rdf:about="&ns1;place-Sourabaja">
  <skos:inScheme rdf:resource="&ns1;GZMPlaceScheme"/>
</rdf:Description>

<rdf:Description rdf:about="&ns1;place-Ternaten_liggende_zijlvaardig_om_van_Ternaten_of_Biema_naar_Batavia">
  <skos:inScheme rdf:resource="&ns1;GZMPlaceScheme"/>
</rdf:Description>

<rdf:Description rdf:about="&ns1;place-Maccassar">
  <skos:inScheme rdf:resource="&ns1;GZMPlaceScheme"/>
</rdf:Description>

<rdf:Description rdf:about="&ns1;place-Gale_Punte_Gale_zeijbreed_leggende_om_te_repatrieeren">
  <skos:inScheme rdf:resource="&ns1;GZMPlaceScheme"/>
</rdf:Description>

<rdf:Description rdf:about="&ns1;place-Franiker">
  <skos:inScheme rdf:resource="&ns1;GZMPlaceScheme"/>
</rdf:Description>

<rdf:Description rdf:about="&ns1;place-Woensdorp">
  <skos:inScheme rdf:resource="&ns1;GZMPlaceScheme"/>
</rdf:Description>

<rdf:Description rdf:about="&ns1;place-Streek">
  <skos:inScheme rdf:resource="&ns1;GZMPlaceScheme"/>
</rdf:Description>

<rdf:Description rdf:about="&ns1;place-Graafdijk">
  <skos:inScheme rdf:resource="&ns1;GZMPlaceScheme"/>
</rdf:Description>

<rdf:Description rdf:about="&ns1;place-Leijerdorp">
  <skos:inScheme rdf:resource="&ns1;GZMPlaceScheme"/>
</rdf:Description>

<rdf:Description rdf:about="&ns1;place-Qualla_d_Amak_tot">
  <skos:inScheme rdf:resource="&ns1;GZMPlaceScheme"/>
</rdf:Description>

<rdf:Description rdf:about="&ns1;place-Schiedam">
  <skos:inScheme rdf:resource="&ns1;GZMPlaceScheme"/>
</rdf:Description>

<rdf:Description rdf:about="&ns1;place-Zee_van_Bengalen_naar_Batavia">
  <skos:inScheme rdf:resource="&ns1;GZMPlaceScheme"/>
</rdf:Description>

<rdf:Description rdf:about="&ns1;place-Flensburg">
  <skos:inScheme rdf:resource="&ns1;GZMPlaceScheme"/>
</rdf:Description>

<rdf:Description rdf:about="&ns1;place-Uijtreght">
  <skos:inScheme rdf:resource="&ns1;GZMPlaceScheme"/>
</rdf:Description>

<rdf:Description rdf:about="&ns1;place-Ponnecaijl">
  <skos:inScheme rdf:resource="&ns1;GZMPlaceScheme"/>
</rdf:Description>

<rdf:Description rdf:about="&ns1;place-Malacca_ter_rheede">
  <skos:inScheme rdf:resource="&ns1;GZMPlaceScheme"/>
</rdf:Description>

<rdf:Description rdf:about="&ns1;place-Puntecais">
  <skos:inScheme rdf:resource="&ns1;GZMPlaceScheme"/>
</rdf:Description>

<rdf:Description rdf:about="&ns1;place-Edam_op_het_eijland">
  <skos:inScheme rdf:resource="&ns1;GZMPlaceScheme"/>
</rdf:Description>

<rdf:Description rdf:about="&ns1;place-Spanbroeck">
  <skos:inScheme rdf:resource="&ns1;GZMPlaceScheme"/>
</rdf:Description>

<rdf:Description rdf:about="&ns1;place-Forsen">
  <skos:inScheme rdf:resource="&ns1;GZMPlaceScheme"/>
</rdf:Description>

<rdf:Description rdf:about="&ns1;place-De_Zouwen">
  <skos:inScheme rdf:resource="&ns1;GZMPlaceScheme"/>
</rdf:Description>

<rdf:Description rdf:about="&ns1;place-Danawsz">
  <skos:inScheme rdf:resource="&ns1;GZMPlaceScheme"/>
</rdf:Description>

<rdf:Description rdf:about="&ns1;place-Banda">
  <skos:inScheme rdf:resource="&ns1;GZMPlaceScheme"/>
</rdf:Description>

<rdf:Description rdf:about="&ns1;place-Bremen">
  <skos:inScheme rdf:resource="&ns1;GZMPlaceScheme"/>
</rdf:Description>

<rdf:Description rdf:about="&ns1;place-Medembliek">
  <skos:inScheme rdf:resource="&ns1;GZMPlaceScheme"/>
</rdf:Description>

<rdf:Description rdf:about="&ns1;place-Gamron_Persia_ter_rhede">
  <skos:inScheme rdf:resource="&ns1;GZMPlaceScheme"/>
</rdf:Description>

<rdf:Description rdf:about="&ns1;place-Worcum">
  <skos:inScheme rdf:resource="&ns1;GZMPlaceScheme"/>
</rdf:Description>

<rdf:Description rdf:about="&ns1;place-Delfshaven">
  <skos:inScheme rdf:resource="&ns1;GZMPlaceScheme"/>
</rdf:Description>

<rdf:Description rdf:about="&ns1;place-Gale_in_de_baai_van">
  <skos:inScheme rdf:resource="&ns1;GZMPlaceScheme"/>
</rdf:Description>

<rdf:Description rdf:about="&ns1;place-Banjer_Massingh">
  <skos:inScheme rdf:resource="&ns1;GZMPlaceScheme"/>
</rdf:Description>

<rdf:Description rdf:about="&ns1;place-Scheerbeek">
  <skos:inScheme rdf:resource="&ns1;GZMPlaceScheme"/>
</rdf:Description>

<rdf:Description rdf:about="&ns1;place-Zee_van_Nagapatnam_naar_Tutucorijn">
  <skos:inScheme rdf:resource="&ns1;GZMPlaceScheme"/>
</rdf:Description>

<rdf:Description rdf:about="&ns1;place-Amboina_ter_rheede">
  <skos:inScheme rdf:resource="&ns1;GZMPlaceScheme"/>
</rdf:Description>

<rdf:Description rdf:about="&ns1;place-Padjang">
  <skos:inScheme rdf:resource="&ns1;GZMPlaceScheme"/>
</rdf:Description>

<rdf:Description rdf:about="&ns1;place-Sourabaija_tot">
  <skos:inScheme rdf:resource="&ns1;GZMPlaceScheme"/>
</rdf:Description>

<rdf:Description rdf:about="&ns1;place-Tutucorijn_zeijlend_omtrent">
  <skos:inScheme rdf:resource="&ns1;GZMPlaceScheme"/>
</rdf:Description>

<rdf:Description rdf:about="&ns1;place-Ponntewele">
  <skos:inScheme rdf:resource="&ns1;GZMPlaceScheme"/>
</rdf:Description>

<rdf:Description rdf:about="&ns1;place-Bombaia">
  <skos:inScheme rdf:resource="&ns1;GZMPlaceScheme"/>
</rdf:Description>

<rdf:Description rdf:about="&ns1;place-Dantsig">
  <skos:inScheme rdf:resource="&ns1;GZMPlaceScheme"/>
</rdf:Description>

<rdf:Description rdf:about="&ns1;place-Uijthuijsen">
  <skos:inScheme rdf:resource="&ns1;GZMPlaceScheme"/>
</rdf:Description>

<rdf:Description rdf:about="&ns1;place-Coppenhagen">
  <skos:inScheme rdf:resource="&ns1;GZMPlaceScheme"/>
</rdf:Description>

<rdf:Description rdf:about="&ns1;place-Noordwijkerhout">
  <skos:inScheme rdf:resource="&ns1;GZMPlaceScheme"/>
</rdf:Description>

<rdf:Description rdf:about="&ns1;place-Katwijk_op_Zee">
  <skos:inScheme rdf:resource="&ns1;GZMPlaceScheme"/>
</rdf:Description>

<rdf:Description rdf:about="&ns1;place-Trinconomale">
  <skos:inScheme rdf:resource="&ns1;GZMPlaceScheme"/>
</rdf:Description>

<rdf:Description rdf:about="&ns1;place-Zee_aan_het_eiland_Mandalique">
  <skos:inScheme rdf:resource="&ns1;GZMPlaceScheme"/>
</rdf:Description>

<rdf:Description rdf:about="&ns1;place-Volta_voor_de_spruijt">
  <skos:inScheme rdf:resource="&ns1;GZMPlaceScheme"/>
</rdf:Description>

<rdf:Description rdf:about="&ns1;place-Harlingen">
  <skos:inScheme rdf:resource="&ns1;GZMPlaceScheme"/>
</rdf:Description>

<rdf:Description rdf:about="&ns1;place-Maccum">
  <skos:inScheme rdf:resource="&ns1;GZMPlaceScheme"/>
</rdf:Description>

<rdf:Description rdf:about="&ns1;place-Wismar">
  <skos:inScheme rdf:resource="&ns1;GZMPlaceScheme"/>
</rdf:Description>

<rdf:Description rdf:about="&ns1;place-Lijpstad">
  <skos:inScheme rdf:resource="&ns1;GZMPlaceScheme"/>
</rdf:Description>

<rdf:Description rdf:about="&ns1;place-Halberstad">
  <skos:inScheme rdf:resource="&ns1;GZMPlaceScheme"/>
</rdf:Description>

<rdf:Description rdf:about="&ns1;place-Zee_van_Tutocorijn_naar_Colombo">
  <skos:inScheme rdf:resource="&ns1;GZMPlaceScheme"/>
</rdf:Description>

<rdf:Description rdf:about="&ns1;place-Veur">
  <skos:inScheme rdf:resource="&ns1;GZMPlaceScheme"/>
</rdf:Description>

<rdf:Description rdf:about="&ns1;place-Zee_van_Batavia_naar_Bengalen">
  <skos:inScheme rdf:resource="&ns1;GZMPlaceScheme"/>
</rdf:Description>

<rdf:Description rdf:about="&ns1;place-Breemen">
  <skos:inScheme rdf:resource="&ns1;GZMPlaceScheme"/>
</rdf:Description>

<rdf:Description rdf:about="&ns1;place-Calpettij_bij">
  <skos:inScheme rdf:resource="&ns1;GZMPlaceScheme"/>
</rdf:Description>

<rdf:Description rdf:about="&ns1;place-Campe">
  <skos:inScheme rdf:resource="&ns1;GZMPlaceScheme"/>
</rdf:Description>

<rdf:Description rdf:about="&ns1;place-Gouree">
  <skos:inScheme rdf:resource="&ns1;GZMPlaceScheme"/>
</rdf:Description>

<rdf:Description rdf:about="&ns1;place-Java_oostkust">
  <skos:inScheme rdf:resource="&ns1;GZMPlaceScheme"/>
</rdf:Description>

<rdf:Description rdf:about="&ns1;place-Trincolamale">
  <skos:inScheme rdf:resource="&ns1;GZMPlaceScheme"/>
</rdf:Description>

<rdf:Description rdf:about="&ns1;place-Westcappel">
  <skos:inScheme rdf:resource="&ns1;GZMPlaceScheme"/>
</rdf:Description>

<rdf:Description rdf:about="&ns1;place-Kruijsende_vaartuijgen">
  <skos:inScheme rdf:resource="&ns1;GZMPlaceScheme"/>
</rdf:Description>

<rdf:Description rdf:about="&ns1;place-Java_zeijlend_af_en_aan_de_hoek_van_Javaas_oostkust">
  <skos:inScheme rdf:resource="&ns1;GZMPlaceScheme"/>
</rdf:Description>

<rdf:Description rdf:about="&ns1;place-Souratta">
  <skos:inScheme rdf:resource="&ns1;GZMPlaceScheme"/>
</rdf:Description>

<rdf:Description rdf:about="&ns1;place-Bengalen_rivier">
  <skos:inScheme rdf:resource="&ns1;GZMPlaceScheme"/>
</rdf:Description>

<rdf:Description rdf:about="&ns1;place-Cquinxbergen">
  <skos:inScheme rdf:resource="&ns1;GZMPlaceScheme"/>
</rdf:Description>

<rdf:Description rdf:about="&ns1;place-Maasensluijs">
  <skos:inScheme rdf:resource="&ns1;GZMPlaceScheme"/>
</rdf:Description>

<rdf:Description rdf:about="&ns1;place-Dort">
  <skos:inScheme rdf:resource="&ns1;GZMPlaceScheme"/>
</rdf:Description>

<rdf:Description rdf:about="&ns1;place-Rotterdam">
  <skos:inScheme rdf:resource="&ns1;GZMPlaceScheme"/>
</rdf:Description>

<rdf:Description rdf:about="&ns1;place-Java_oostkust_ter_rede_en_in_de_cruijsvloot">
  <skos:inScheme rdf:resource="&ns1;GZMPlaceScheme"/>
</rdf:Description>

<rdf:Description rdf:about="&ns1;place-Veur_Veere">
  <skos:inScheme rdf:resource="&ns1;GZMPlaceScheme"/>
</rdf:Description>

<rdf:Description rdf:about="&ns1;place-Maslandsluijs">
  <skos:inScheme rdf:resource="&ns1;GZMPlaceScheme"/>
</rdf:Description>

<rdf:Description rdf:about="&ns1;place-Houglij_ter_rheede_Bengalen">
  <skos:inScheme rdf:resource="&ns1;GZMPlaceScheme"/>
</rdf:Description>

<rdf:Description rdf:about="&ns1;place-Biltziel">
  <skos:inScheme rdf:resource="&ns1;GZMPlaceScheme"/>
</rdf:Description>

<rdf:Description rdf:about="&ns1;place-Helsinglant">
  <skos:inScheme rdf:resource="&ns1;GZMPlaceScheme"/>
</rdf:Description>

<rdf:Description rdf:about="&ns1;place-Saval">
  <skos:inScheme rdf:resource="&ns1;GZMPlaceScheme"/>
</rdf:Description>

<rdf:Description rdf:about="&ns1;place-Palembangh">
  <skos:inScheme rdf:resource="&ns1;GZMPlaceScheme"/>
</rdf:Description>

<rdf:Description rdf:about="&ns1;place-_">
  <skos:inScheme rdf:resource="&ns1;GZMPlaceScheme"/>
</rdf:Description>

<rdf:Description rdf:about="&ns1;place-Zee_van_Sumatra_s_westkust_naar_Bengalen">
  <skos:inScheme rdf:resource="&ns1;GZMPlaceScheme"/>
</rdf:Description>

<rdf:Description rdf:about="&ns1;place-Rilsibuttel">
  <skos:inScheme rdf:resource="&ns1;GZMPlaceScheme"/>
</rdf:Description>

<rdf:Description rdf:about="&ns1;place-Haarlem">
  <skos:inScheme rdf:resource="&ns1;GZMPlaceScheme"/>
</rdf:Description>

<rdf:Description rdf:about="&ns1;place-Ooltjenplat">
  <skos:inScheme rdf:resource="&ns1;GZMPlaceScheme"/>
</rdf:Description>

<rdf:Description rdf:about="&ns1;place-Bancahoulo">
  <skos:inScheme rdf:resource="&ns1;GZMPlaceScheme"/>
</rdf:Description>

<rdf:Description rdf:about="&ns1;place-Zee_naar_tutucorijn">
  <skos:inScheme rdf:resource="&ns1;GZMPlaceScheme"/>
</rdf:Description>

<rdf:Description rdf:about="&ns1;place-Bremershaven">
  <skos:inScheme rdf:resource="&ns1;GZMPlaceScheme"/>
</rdf:Description>

<rdf:Description rdf:about="&ns1;place-Gale">
  <skos:inScheme rdf:resource="&ns1;GZMPlaceScheme"/>
</rdf:Description>

<rdf:Description rdf:about="&ns1;place-Cabo_de_Goede_Hoop">
  <skos:inScheme rdf:resource="&ns1;GZMPlaceScheme"/>
</rdf:Description>

<rdf:Description rdf:about="&ns1;place-Harlem">
  <skos:inScheme rdf:resource="&ns1;GZMPlaceScheme"/>
</rdf:Description>

<rdf:Description rdf:about="&ns1;place-Ternaten_ter_rheede">
  <skos:inScheme rdf:resource="&ns1;GZMPlaceScheme"/>
</rdf:Description>

<rdf:Description rdf:about="&ns1;place-Ponnecail_zuijderbreedte">
  <skos:inScheme rdf:resource="&ns1;GZMPlaceScheme"/>
</rdf:Description>

<rdf:Description rdf:about="&ns1;place-Appenraade">
  <skos:inScheme rdf:resource="&ns1;GZMPlaceScheme"/>
</rdf:Description>

<rdf:Description rdf:about="&ns1;place-Christiaanstad">
  <skos:inScheme rdf:resource="&ns1;GZMPlaceScheme"/>
</rdf:Description>

<rdf:Description rdf:about="&ns1;place-Blockziel">
  <skos:inScheme rdf:resource="&ns1;GZMPlaceScheme"/>
</rdf:Description>

<rdf:Description rdf:about="&ns1;place-Bantham">
  <skos:inScheme rdf:resource="&ns1;GZMPlaceScheme"/>
</rdf:Description>

<rdf:Description rdf:about="&ns1;place-Werkendam">
  <skos:inScheme rdf:resource="&ns1;GZMPlaceScheme"/>
</rdf:Description>

<rdf:Description rdf:about="&ns1;place-Bengalen_in_de_rivier_van">
  <skos:inScheme rdf:resource="&ns1;GZMPlaceScheme"/>
</rdf:Description>

<rdf:Description rdf:about="&ns1;place-Ritthem">
  <skos:inScheme rdf:resource="&ns1;GZMPlaceScheme"/>
</rdf:Description>

<rdf:Description rdf:about="&ns1;place-Jaffanapatnam">
  <skos:inScheme rdf:resource="&ns1;GZMPlaceScheme"/>
</rdf:Description>

<rdf:Description rdf:about="&ns1;place-Paterborn">
  <skos:inScheme rdf:resource="&ns1;GZMPlaceScheme"/>
</rdf:Description>

<rdf:Description rdf:about="&ns1;place-Zaldanhabaaij">
  <skos:inScheme rdf:resource="&ns1;GZMPlaceScheme"/>
</rdf:Description>

<rdf:Description rdf:about="&ns1;place-Lis">
  <skos:inScheme rdf:resource="&ns1;GZMPlaceScheme"/>
</rdf:Description>

<rdf:Description rdf:about="&ns1;place-Swartsluijs">
  <skos:inScheme rdf:resource="&ns1;GZMPlaceScheme"/>
</rdf:Description>

<rdf:Description rdf:about="&ns1;place-Flora_1705">
  <skos:inScheme rdf:resource="&ns1;GZMPlaceScheme"/>
</rdf:Description>

<rdf:Description rdf:about="&ns1;place-In_Zee">
  <skos:inScheme rdf:resource="&ns1;GZMPlaceScheme"/>
</rdf:Description>

<rdf:Description rdf:about="&ns1;place-Zee_tussen_Tagal_en_Batavia">
  <skos:inScheme rdf:resource="&ns1;GZMPlaceScheme"/>
</rdf:Description>

<rdf:Description rdf:about="&ns1;place-Li_t">
  <skos:inScheme rdf:resource="&ns1;GZMPlaceScheme"/>
</rdf:Description>

<rdf:Description rdf:about="&ns1;place-Siam">
  <skos:inScheme rdf:resource="&ns1;GZMPlaceScheme"/>
</rdf:Description>

<rdf:Description rdf:about="&ns1;place-Grasmeijer">
  <skos:inScheme rdf:resource="&ns1;GZMPlaceScheme"/>
</rdf:Description>

<rdf:Description rdf:about="&ns1;place-Uwa">
  <skos:inScheme rdf:resource="&ns1;GZMPlaceScheme"/>
</rdf:Description>

<rdf:Description rdf:about="&ns1;place-Bengalen">
  <skos:inScheme rdf:resource="&ns1;GZMPlaceScheme"/>
</rdf:Description>

<rdf:Description rdf:about="&ns1;place-Ponnekail">
  <skos:inScheme rdf:resource="&ns1;GZMPlaceScheme"/>
</rdf:Description>

<rdf:Description rdf:about="&ns1;place-Enckuse">
  <skos:inScheme rdf:resource="&ns1;GZMPlaceScheme"/>
</rdf:Description>

<rdf:Description rdf:about="&ns1;place-Batavia">
  <skos:inScheme rdf:resource="&ns1;GZMPlaceScheme"/>
</rdf:Description>

<rdf:Description rdf:about="&ns1;place-Zee_zijlende_van_Tutucorijn">
  <skos:inScheme rdf:resource="&ns1;GZMPlaceScheme"/>
</rdf:Description>

<rdf:Description rdf:about="&ns1;place-Sandau">
  <skos:inScheme rdf:resource="&ns1;GZMPlaceScheme"/>
</rdf:Description>

<rdf:Description rdf:about="&ns1;place-Maselantsluijs">
  <skos:inScheme rdf:resource="&ns1;GZMPlaceScheme"/>
</rdf:Description>

<rdf:Description rdf:about="&ns1;place-Malacca_omtrent">
  <skos:inScheme rdf:resource="&ns1;GZMPlaceScheme"/>
</rdf:Description>

<rdf:Description rdf:about="&ns1;place-Samarang">
  <skos:inScheme rdf:resource="&ns1;GZMPlaceScheme"/>
</rdf:Description>

<rdf:Description rdf:about="&ns1;place-Hoorn">
  <skos:inScheme rdf:resource="&ns1;GZMPlaceScheme"/>
</rdf:Description>

<rdf:Description rdf:about="&ns1;place-Schagen">
  <skos:inScheme rdf:resource="&ns1;GZMPlaceScheme"/>
</rdf:Description>

<rdf:Description rdf:about="&ns1;place-Thiel">
  <skos:inScheme rdf:resource="&ns1;GZMPlaceScheme"/>
</rdf:Description>

<rdf:Description rdf:about="&ns1;place-Doevere">
  <skos:inScheme rdf:resource="&ns1;GZMPlaceScheme"/>
</rdf:Description>

<rdf:Description rdf:about="&ns1;place-Jambij">
  <skos:inScheme rdf:resource="&ns1;GZMPlaceScheme"/>
</rdf:Description>

<rdf:Description rdf:about="&ns1;place-Colombo_ter_rhede">
  <skos:inScheme rdf:resource="&ns1;GZMPlaceScheme"/>
</rdf:Description>

<rdf:Description rdf:about="&ns1;place-Timor_ter_rheede">
  <skos:inScheme rdf:resource="&ns1;GZMPlaceScheme"/>
</rdf:Description>

<rdf:Description rdf:about="&ns1;place-Uijt_de_Streek">
  <skos:inScheme rdf:resource="&ns1;GZMPlaceScheme"/>
</rdf:Description>

<rdf:Description rdf:about="&ns1;place-Gouda">
  <skos:inScheme rdf:resource="&ns1;GZMPlaceScheme"/>
</rdf:Description>

<rdf:Description rdf:about="&ns1;place-Jaffenapatnam">
  <skos:inScheme rdf:resource="&ns1;GZMPlaceScheme"/>
</rdf:Description>

<rdf:Description rdf:about="&ns1;place-Grisse">
  <skos:inScheme rdf:resource="&ns1;GZMPlaceScheme"/>
</rdf:Description>

<rdf:Description rdf:about="&ns1;place-Altena">
  <skos:inScheme rdf:resource="&ns1;GZMPlaceScheme"/>
</rdf:Description>

<rdf:Description rdf:about="&ns1;place-Houglij_in_Bengalen">
  <skos:inScheme rdf:resource="&ns1;GZMPlaceScheme"/>
</rdf:Description>

<rdf:Description rdf:about="&ns1;place-Banjermassing">
  <skos:inScheme rdf:resource="&ns1;GZMPlaceScheme"/>
</rdf:Description>

<rdf:Description rdf:about="&ns1;place-Paccolongang">
  <skos:inScheme rdf:resource="&ns1;GZMPlaceScheme"/>
</rdf:Description>

<rdf:Description rdf:about="&ns1;place-Munnikendam">
  <skos:inScheme rdf:resource="&ns1;GZMPlaceScheme"/>
</rdf:Description>

<rdf:Description rdf:about="&ns1;place-Hardewijk">
  <skos:inScheme rdf:resource="&ns1;GZMPlaceScheme"/>
</rdf:Description>

<rdf:Description rdf:about="&ns1;place-Copenhagen">
  <skos:inScheme rdf:resource="&ns1;GZMPlaceScheme"/>
</rdf:Description>

<rdf:Description rdf:about="&ns1;place-Kuijper">
  <skos:inScheme rdf:resource="&ns1;GZMPlaceScheme"/>
</rdf:Description>

<rdf:Description rdf:about="&ns1;place-Beukenhoven">
  <skos:inScheme rdf:resource="&ns1;GZMPlaceScheme"/>
</rdf:Description>

<rdf:Description rdf:about="&ns1;place-Vlaardingen">
  <skos:inScheme rdf:resource="&ns1;GZMPlaceScheme"/>
</rdf:Description>

<rdf:Description rdf:about="&ns1;place-Boeton_zeijlende_langszij_het_eijland">
  <skos:inScheme rdf:resource="&ns1;GZMPlaceScheme"/>
</rdf:Description>

<rdf:Description rdf:about="&ns1;place-China_zeijlend_na">
  <skos:inScheme rdf:resource="&ns1;GZMPlaceScheme"/>
</rdf:Description>

<rdf:Description rdf:about="&ns1;place-Mocha">
  <skos:inScheme rdf:resource="&ns1;GZMPlaceScheme"/>
</rdf:Description>

<rdf:Description rdf:about="&ns1;place-Padang">
  <skos:inScheme rdf:resource="&ns1;GZMPlaceScheme"/>
</rdf:Description>

<rdf:Description rdf:about="&ns1;place-Timor">
  <skos:inScheme rdf:resource="&ns1;GZMPlaceScheme"/>
</rdf:Description>

<rdf:Description rdf:about="&ns1;place-Tutucorijn">
  <skos:inScheme rdf:resource="&ns1;GZMPlaceScheme"/>
</rdf:Description>

<rdf:Description rdf:about="&ns1;place-Ijapau">
  <skos:inScheme rdf:resource="&ns1;GZMPlaceScheme"/>
</rdf:Description>

<rdf:Description rdf:about="&ns1;place-Zee_van_Java_noordoostkust_naar_Batavia">
  <skos:inScheme rdf:resource="&ns1;GZMPlaceScheme"/>
</rdf:Description>

<rdf:Description rdf:about="&ns1;place-Purmerent">
  <skos:inScheme rdf:resource="&ns1;GZMPlaceScheme"/>
</rdf:Description>

<rdf:Description rdf:about="&ns1;place-Nieuwkerk">
  <skos:inScheme rdf:resource="&ns1;GZMPlaceScheme"/>
</rdf:Description>

<rdf:Description rdf:about="&ns1;place-Middelburg">
  <skos:inScheme rdf:resource="&ns1;GZMPlaceScheme"/>
</rdf:Description>

<rdf:Description rdf:about="&ns1;place-De_Jouden">
  <skos:inScheme rdf:resource="&ns1;GZMPlaceScheme"/>
</rdf:Description>

<rdf:Description rdf:about="&ns1;place-Maaslandsluijs">
  <skos:inScheme rdf:resource="&ns1;GZMPlaceScheme"/>
</rdf:Description>

<rdf:Description rdf:about="&ns1;place-Zee_zijlende_tussen_Colombo_en_Calture">
  <skos:inScheme rdf:resource="&ns1;GZMPlaceScheme"/>
</rdf:Description>

<rdf:Description rdf:about="&ns1;place-Onrust_leggende_aan_het_eiland">
  <skos:inScheme rdf:resource="&ns1;GZMPlaceScheme"/>
</rdf:Description>

<rdf:Description rdf:about="&ns1;place-Sel">
  <skos:inScheme rdf:resource="&ns1;GZMPlaceScheme"/>
</rdf:Description>

<rdf:Description rdf:about="&ns1;place-Jambij_ten_comptoire">
  <skos:inScheme rdf:resource="&ns1;GZMPlaceScheme"/>
</rdf:Description>

<rdf:Description rdf:about="&ns1;place-Zierikzee">
  <skos:inScheme rdf:resource="&ns1;GZMPlaceScheme"/>
</rdf:Description>

<rdf:Description rdf:about="&ns1;place-Buijtstet">
  <skos:inScheme rdf:resource="&ns1;GZMPlaceScheme"/>
</rdf:Description>

<rdf:Description rdf:about="&ns1;place-Dors">
  <skos:inScheme rdf:resource="&ns1;GZMPlaceScheme"/>
</rdf:Description>

<rdf:Description rdf:about="&ns1;place-Nieuwendam">
  <skos:inScheme rdf:resource="&ns1;GZMPlaceScheme"/>
</rdf:Description>

<rdf:Description rdf:about="&ns1;place-Zee_van_Nagapatnam_naar_Batavia">
  <skos:inScheme rdf:resource="&ns1;GZMPlaceScheme"/>
</rdf:Description>

<rdf:Description rdf:about="&ns1;place-Doct">
  <skos:inScheme rdf:resource="&ns1;GZMPlaceScheme"/>
</rdf:Description>

<rdf:Description rdf:about="&ns1;place-Boluwe">
  <skos:inScheme rdf:resource="&ns1;GZMPlaceScheme"/>
</rdf:Description>

<rdf:Description rdf:about="&ns1;place-Texel">
  <skos:inScheme rdf:resource="&ns1;GZMPlaceScheme"/>
</rdf:Description>

<rdf:Description rdf:about="&ns1;place-Galen">
  <skos:inScheme rdf:resource="&ns1;GZMPlaceScheme"/>
</rdf:Description>

<rdf:Description rdf:about="&ns1;place-Oetjesplaat">
  <skos:inScheme rdf:resource="&ns1;GZMPlaceScheme"/>
</rdf:Description>

<rdf:Description rdf:about="&ns1;place-Zee_naar_Bengalen">
  <skos:inScheme rdf:resource="&ns1;GZMPlaceScheme"/>
</rdf:Description>

<rdf:Description rdf:about="&ns1;place-Puntekijl_ter_rhede">
  <skos:inScheme rdf:resource="&ns1;GZMPlaceScheme"/>
</rdf:Description>

</rdf:RDF>
