<?xml version='1.0' encoding='UTF-8'?>
<!DOCTYPE rdf:RDF [
    <!ENTITY rdf 'http://www.w3.org/1999/02/22-rdf-syntax-ns#'>
    <!ENTITY skos 'http://www.w3.org/2004/02/skos/core#'>
]>

<rdf:RDF
    xmlns:rdf="&rdf;"
    xmlns:skos="&skos;"
>
<rdf:Description rdf:about="http://purl.org/collections/nl/dss/gzmvoc/scheepstype-Zeijlboot"
    skos:prefLabel="Zeijlboot">
  <rdf:type rdf:resource="http://purl.org/collections/nl/dss/gzmvoc/ScheepsType"/>
  <skos:inScheme rdf:resource="http://purl.org/collections/nl/dss/gzmvoc/ScheepsTypeConceptScheme"/>
</rdf:Description>

<rdf:Description rdf:about="http://purl.org/collections/nl/dss/gzmvoc/scheepstype-niet_gegeven"
    skos:prefLabel="niet gegeven">
  <rdf:type rdf:resource="http://purl.org/collections/nl/dss/gzmvoc/ScheepsType"/>
  <skos:inScheme rdf:resource="http://purl.org/collections/nl/dss/gzmvoc/ScheepsTypeConceptScheme"/>
</rdf:Description>

<rdf:Description rdf:about="http://purl.org/collections/nl/dss/gzmvoc/scheepstype-Brigantijn"
    skos:prefLabel="Brigantijn">
  <rdf:type rdf:resource="http://purl.org/collections/nl/dss/gzmvoc/ScheepsType"/>
  <skos:inScheme rdf:resource="http://purl.org/collections/nl/dss/gzmvoc/ScheepsTypeConceptScheme"/>
</rdf:Description>

<rdf:Description rdf:about="http://purl.org/collections/nl/dss/gzmvoc/scheepstype-Dubbele_hoornschuit"
    skos:prefLabel="Dubbele hoornschuit">
  <rdf:type rdf:resource="http://purl.org/collections/nl/dss/gzmvoc/ScheepsType"/>
  <skos:inScheme rdf:resource="http://purl.org/collections/nl/dss/gzmvoc/ScheepsTypeConceptScheme"/>
</rdf:Description>

<rdf:Description rdf:about="http://purl.org/collections/nl/dss/gzmvoc/scheepstype-Schip"
    skos:prefLabel="Schip">
  <rdf:type rdf:resource="http://purl.org/collections/nl/dss/gzmvoc/ScheepsType"/>
  <skos:inScheme rdf:resource="http://purl.org/collections/nl/dss/gzmvoc/ScheepsTypeConceptScheme"/>
</rdf:Description>

<rdf:Description rdf:about="http://purl.org/collections/nl/dss/gzmvoc/scheepstype-Fluijt"
    skos:prefLabel="Fluijt">
  <rdf:type rdf:resource="http://purl.org/collections/nl/dss/gzmvoc/ScheepsType"/>
  <skos:inScheme rdf:resource="http://purl.org/collections/nl/dss/gzmvoc/ScheepsTypeConceptScheme"/>
</rdf:Description>

<rdf:Description rdf:about="http://purl.org/collections/nl/dss/gzmvoc/scheepstype-Gonting"
    skos:prefLabel="Gonting">
  <rdf:type rdf:resource="http://purl.org/collections/nl/dss/gzmvoc/ScheepsType"/>
  <skos:inScheme rdf:resource="http://purl.org/collections/nl/dss/gzmvoc/ScheepsTypeConceptScheme"/>
</rdf:Description>

<rdf:Description rdf:about="http://purl.org/collections/nl/dss/gzmvoc/scheepstype-Pramijang"
    skos:prefLabel="Pramijang">
  <rdf:type rdf:resource="http://purl.org/collections/nl/dss/gzmvoc/ScheepsType"/>
  <skos:inScheme rdf:resource="http://purl.org/collections/nl/dss/gzmvoc/ScheepsTypeConceptScheme"/>
</rdf:Description>

<rdf:Description rdf:about="http://purl.org/collections/nl/dss/gzmvoc/scheepstype-Tanjongp"
    skos:prefLabel="Tanjongp">
  <rdf:type rdf:resource="http://purl.org/collections/nl/dss/gzmvoc/ScheepsType"/>
  <skos:inScheme rdf:resource="http://purl.org/collections/nl/dss/gzmvoc/ScheepsTypeConceptScheme"/>
</rdf:Description>

<rdf:Description rdf:about="http://purl.org/collections/nl/dss/gzmvoc/scheepstype-Kotter"
    skos:prefLabel="Kotter">
  <rdf:type rdf:resource="http://purl.org/collections/nl/dss/gzmvoc/ScheepsType"/>
  <skos:inScheme rdf:resource="http://purl.org/collections/nl/dss/gzmvoc/ScheepsTypeConceptScheme"/>
</rdf:Description>

<rdf:Description rdf:about="http://purl.org/collections/nl/dss/gzmvoc/scheepstype-Dubb_Thoornschuijt"
    skos:prefLabel="Dubb. Thoornschuijt">
  <rdf:type rdf:resource="http://purl.org/collections/nl/dss/gzmvoc/ScheepsType"/>
  <skos:inScheme rdf:resource="http://purl.org/collections/nl/dss/gzmvoc/ScheepsTypeConceptScheme"/>
</rdf:Description>

<rdf:Description rdf:about="http://purl.org/collections/nl/dss/gzmvoc/scheepstype-Boot"
    skos:prefLabel="Boot">
  <rdf:type rdf:resource="http://purl.org/collections/nl/dss/gzmvoc/ScheepsType"/>
  <skos:inScheme rdf:resource="http://purl.org/collections/nl/dss/gzmvoc/ScheepsTypeConceptScheme"/>
</rdf:Description>

<rdf:Description rdf:about="http://purl.org/collections/nl/dss/gzmvoc/scheepstype-Bark"
    skos:prefLabel="Bark">
  <rdf:type rdf:resource="http://purl.org/collections/nl/dss/gzmvoc/ScheepsType"/>
  <skos:inScheme rdf:resource="http://purl.org/collections/nl/dss/gzmvoc/ScheepsTypeConceptScheme"/>
</rdf:Description>

<rdf:Description rdf:about="http://purl.org/collections/nl/dss/gzmvoc/scheepstype-Schuijtje"
    skos:prefLabel="Schuijtje">
  <rdf:type rdf:resource="http://purl.org/collections/nl/dss/gzmvoc/ScheepsType"/>
  <skos:inScheme rdf:resource="http://purl.org/collections/nl/dss/gzmvoc/ScheepsTypeConceptScheme"/>
</rdf:Description>

<rdf:Description rdf:about="http://purl.org/collections/nl/dss/gzmvoc/scheepstype-Pantjalang"
    skos:prefLabel="Pantjalang">
  <rdf:type rdf:resource="http://purl.org/collections/nl/dss/gzmvoc/ScheepsType"/>
  <skos:inScheme rdf:resource="http://purl.org/collections/nl/dss/gzmvoc/ScheepsTypeConceptScheme"/>
</rdf:Description>

<rdf:Description rdf:about="http://purl.org/collections/nl/dss/gzmvoc/scheepstype-_"
    skos:prefLabel="?">
  <rdf:type rdf:resource="http://purl.org/collections/nl/dss/gzmvoc/ScheepsType"/>
  <skos:inScheme rdf:resource="http://purl.org/collections/nl/dss/gzmvoc/ScheepsTypeConceptScheme"/>
</rdf:Description>

<rdf:Description rdf:about="http://purl.org/collections/nl/dss/gzmvoc/scheepstype-Zijlboot"
    skos:prefLabel="Zijlboot">
  <rdf:type rdf:resource="http://purl.org/collections/nl/dss/gzmvoc/ScheepsType"/>
  <skos:inScheme rdf:resource="http://purl.org/collections/nl/dss/gzmvoc/ScheepsTypeConceptScheme"/>
</rdf:Description>

<rdf:Description rdf:about="http://purl.org/collections/nl/dss/gzmvoc/scheepstype-Tanjong_poura"
    skos:prefLabel="Tanjong poura">
  <rdf:type rdf:resource="http://purl.org/collections/nl/dss/gzmvoc/ScheepsType"/>
  <skos:inScheme rdf:resource="http://purl.org/collections/nl/dss/gzmvoc/ScheepsTypeConceptScheme"/>
</rdf:Description>

<rdf:Description rdf:about="http://purl.org/collections/nl/dss/gzmvoc/scheepstype-Galjoot"
    skos:prefLabel="Galjoot">
  <rdf:type rdf:resource="http://purl.org/collections/nl/dss/gzmvoc/ScheepsType"/>
  <skos:inScheme rdf:resource="http://purl.org/collections/nl/dss/gzmvoc/ScheepsTypeConceptScheme"/>
</rdf:Description>

<rdf:Description rdf:about="http://purl.org/collections/nl/dss/gzmvoc/scheepstype-Vaartuijg"
    skos:prefLabel="Vaartuijg">
  <rdf:type rdf:resource="http://purl.org/collections/nl/dss/gzmvoc/ScheepsType"/>
  <skos:inScheme rdf:resource="http://purl.org/collections/nl/dss/gzmvoc/ScheepsTypeConceptScheme"/>
</rdf:Description>

<rdf:Description rdf:about="http://purl.org/collections/nl/dss/gzmvoc/scheepstype-Conting">
  <skos:prefLabel>Conting</skos:prefLabel>
  <skos:prefLabel>Conting?</skos:prefLabel>
  <rdf:type rdf:resource="http://purl.org/collections/nl/dss/gzmvoc/ScheepsType"/>
  <skos:inScheme rdf:resource="http://purl.org/collections/nl/dss/gzmvoc/ScheepsTypeConceptScheme"/>
</rdf:Description>

<rdf:Description rdf:about="http://purl.org/collections/nl/dss/gzmvoc/scheepstype-Chialoup"
    skos:prefLabel="Chialoup">
  <rdf:type rdf:resource="http://purl.org/collections/nl/dss/gzmvoc/ScheepsType"/>
  <skos:inScheme rdf:resource="http://purl.org/collections/nl/dss/gzmvoc/ScheepsTypeConceptScheme"/>
</rdf:Description>

<rdf:Description rdf:about="http://purl.org/collections/nl/dss/gzmvoc/scheepstype-Scheepje"
    skos:prefLabel="Scheepje">
  <rdf:type rdf:resource="http://purl.org/collections/nl/dss/gzmvoc/ScheepsType"/>
  <skos:inScheme rdf:resource="http://purl.org/collections/nl/dss/gzmvoc/ScheepsTypeConceptScheme"/>
</rdf:Description>

<rdf:Description rdf:about="http://purl.org/collections/nl/dss/gzmvoc/scheepstype-De_Cath"
    skos:prefLabel="De Cath">
  <rdf:type rdf:resource="http://purl.org/collections/nl/dss/gzmvoc/ScheepsType"/>
  <skos:inScheme rdf:resource="http://purl.org/collections/nl/dss/gzmvoc/ScheepsTypeConceptScheme"/>
</rdf:Description>

<rdf:Description rdf:about="http://purl.org/collections/nl/dss/gzmvoc/scheepstype-Opgelegd"
    skos:prefLabel="Opgelegd">
  <rdf:type rdf:resource="http://purl.org/collections/nl/dss/gzmvoc/ScheepsType"/>
  <skos:inScheme rdf:resource="http://purl.org/collections/nl/dss/gzmvoc/ScheepsTypeConceptScheme"/>
</rdf:Description>

<rdf:Description rdf:about="http://purl.org/collections/nl/dss/gzmvoc/scheepstype-Schuijt"
    skos:prefLabel="Schuijt">
  <rdf:type rdf:resource="http://purl.org/collections/nl/dss/gzmvoc/ScheepsType"/>
  <skos:inScheme rdf:resource="http://purl.org/collections/nl/dss/gzmvoc/ScheepsTypeConceptScheme"/>
</rdf:Description>

<rdf:Description rdf:about="http://purl.org/collections/nl/dss/gzmvoc/scheepstype-Hoeker"
    skos:prefLabel="Hoeker">
  <rdf:type rdf:resource="http://purl.org/collections/nl/dss/gzmvoc/ScheepsType"/>
  <skos:inScheme rdf:resource="http://purl.org/collections/nl/dss/gzmvoc/ScheepsTypeConceptScheme"/>
</rdf:Description>

<rdf:Description rdf:about="http://purl.org/collections/nl/dss/gzmvoc/scheepstype-Pantjallang"
    skos:prefLabel="Pantjallang">
  <rdf:type rdf:resource="http://purl.org/collections/nl/dss/gzmvoc/ScheepsType"/>
  <skos:inScheme rdf:resource="http://purl.org/collections/nl/dss/gzmvoc/ScheepsTypeConceptScheme"/>
</rdf:Description>

<rdf:Description rdf:about="http://purl.org/collections/nl/dss/gzmvoc/scheepstype-Prauw"
    skos:prefLabel="Prauw">
  <rdf:type rdf:resource="http://purl.org/collections/nl/dss/gzmvoc/ScheepsType"/>
  <skos:inScheme rdf:resource="http://purl.org/collections/nl/dss/gzmvoc/ScheepsTypeConceptScheme"/>
</rdf:Description>

<rdf:Description rdf:about="http://purl.org/collections/nl/dss/gzmvoc/scheepstype-Jagt"
    skos:prefLabel="Jagt">
  <rdf:type rdf:resource="http://purl.org/collections/nl/dss/gzmvoc/ScheepsType"/>
  <skos:inScheme rdf:resource="http://purl.org/collections/nl/dss/gzmvoc/ScheepsTypeConceptScheme"/>
</rdf:Description>

<rdf:Description rdf:about="http://purl.org/collections/nl/dss/gzmvoc/scheepstype-Mayangprauw"
    skos:prefLabel="Mayangprauw">
  <rdf:type rdf:resource="http://purl.org/collections/nl/dss/gzmvoc/ScheepsType"/>
  <skos:inScheme rdf:resource="http://purl.org/collections/nl/dss/gzmvoc/ScheepsTypeConceptScheme"/>
</rdf:Description>

<rdf:Description rdf:about="http://purl.org/collections/nl/dss/gzmvoc/scheepstype-Loots"
    skos:prefLabel="Loots">
  <rdf:type rdf:resource="http://purl.org/collections/nl/dss/gzmvoc/ScheepsType"/>
  <skos:inScheme rdf:resource="http://purl.org/collections/nl/dss/gzmvoc/ScheepsTypeConceptScheme"/>
</rdf:Description>

<rdf:Description rdf:about="http://purl.org/collections/nl/dss/gzmvoc/scheepstype-Fregat"
    skos:prefLabel="Fregat">
  <rdf:type rdf:resource="http://purl.org/collections/nl/dss/gzmvoc/ScheepsType"/>
  <skos:inScheme rdf:resource="http://purl.org/collections/nl/dss/gzmvoc/ScheepsTypeConceptScheme"/>
</rdf:Description>

<rdf:Description rdf:about="http://purl.org/collections/nl/dss/gzmvoc/scheepstype-Losboot"
    skos:prefLabel="Losboot">
  <rdf:type rdf:resource="http://purl.org/collections/nl/dss/gzmvoc/ScheepsType"/>
  <skos:inScheme rdf:resource="http://purl.org/collections/nl/dss/gzmvoc/ScheepsTypeConceptScheme"/>
</rdf:Description>

<rdf:Description rdf:about="http://purl.org/collections/nl/dss/gzmvoc/scheepstype-Buijs"
    skos:prefLabel="Buijs">
  <rdf:type rdf:resource="http://purl.org/collections/nl/dss/gzmvoc/ScheepsType"/>
  <skos:inScheme rdf:resource="http://purl.org/collections/nl/dss/gzmvoc/ScheepsTypeConceptScheme"/>
</rdf:Description>

<rdf:Description rdf:about="http://purl.org/collections/nl/dss/gzmvoc/scheepstype-Flenijk"
    skos:prefLabel="Flenijk?">
  <rdf:type rdf:resource="http://purl.org/collections/nl/dss/gzmvoc/ScheepsType"/>
  <skos:inScheme rdf:resource="http://purl.org/collections/nl/dss/gzmvoc/ScheepsTypeConceptScheme"/>
</rdf:Description>

<rdf:Description rdf:about="http://purl.org/collections/nl/dss/gzmvoc/scheepstype-Barcq"
    skos:prefLabel="Barcq">
  <rdf:type rdf:resource="http://purl.org/collections/nl/dss/gzmvoc/ScheepsType"/>
  <skos:inScheme rdf:resource="http://purl.org/collections/nl/dss/gzmvoc/ScheepsTypeConceptScheme"/>
</rdf:Description>

<rdf:Description rdf:about="http://purl.org/collections/nl/dss/gzmvoc/scheepstype-Diverse_vaartuigen"
    skos:prefLabel="Diverse vaartuigen">
  <rdf:type rdf:resource="http://purl.org/collections/nl/dss/gzmvoc/ScheepsType"/>
  <skos:inScheme rdf:resource="http://purl.org/collections/nl/dss/gzmvoc/ScheepsTypeConceptScheme"/>
</rdf:Description>

<rdf:Description rdf:about="http://purl.org/collections/nl/dss/gzmvoc/scheepstype-Beuk"
    skos:prefLabel="Beuk?">
  <rdf:type rdf:resource="http://purl.org/collections/nl/dss/gzmvoc/ScheepsType"/>
  <skos:inScheme rdf:resource="http://purl.org/collections/nl/dss/gzmvoc/ScheepsTypeConceptScheme"/>
</rdf:Description>

<rdf:Description rdf:about="http://purl.org/collections/nl/dss/gzmvoc/scheepstype-De_Boot"
    skos:prefLabel="De Boot">
  <rdf:type rdf:resource="http://purl.org/collections/nl/dss/gzmvoc/ScheepsType"/>
  <skos:inScheme rdf:resource="http://purl.org/collections/nl/dss/gzmvoc/ScheepsTypeConceptScheme"/>
</rdf:Description>

<rdf:Description rdf:about="http://purl.org/collections/nl/dss/gzmvoc/scheepstype-Prauwtje"
    skos:prefLabel="Prauwtje">
  <rdf:type rdf:resource="http://purl.org/collections/nl/dss/gzmvoc/ScheepsType"/>
  <skos:inScheme rdf:resource="http://purl.org/collections/nl/dss/gzmvoc/ScheepsTypeConceptScheme"/>
</rdf:Description>

<rdf:Description rdf:about="http://purl.org/collections/nl/dss/gzmvoc/scheepstype-Schuijtboot"
    skos:prefLabel="Schuijtboot">
  <rdf:type rdf:resource="http://purl.org/collections/nl/dss/gzmvoc/ScheepsType"/>
  <skos:inScheme rdf:resource="http://purl.org/collections/nl/dss/gzmvoc/ScheepsTypeConceptScheme"/>
</rdf:Description>

<rdf:Description rdf:about="http://purl.org/collections/nl/dss/gzmvoc/scheepstype-Oorlogschip"
    skos:prefLabel="Oorlogschip">
  <rdf:type rdf:resource="http://purl.org/collections/nl/dss/gzmvoc/ScheepsType"/>
  <skos:inScheme rdf:resource="http://purl.org/collections/nl/dss/gzmvoc/ScheepsTypeConceptScheme"/>
</rdf:Description>

<rdf:Description rdf:about="http://purl.org/collections/nl/dss/gzmvoc/scheepstype-Ponting"
    skos:prefLabel="Ponting">
  <rdf:type rdf:resource="http://purl.org/collections/nl/dss/gzmvoc/ScheepsType"/>
  <skos:inScheme rdf:resource="http://purl.org/collections/nl/dss/gzmvoc/ScheepsTypeConceptScheme"/>
</rdf:Description>

<rdf:Description rdf:about="http://purl.org/collections/nl/dss/gzmvoc/scheepstype-Tsocherbootje"
    skos:prefLabel="Tsocherbootje?">
  <rdf:type rdf:resource="http://purl.org/collections/nl/dss/gzmvoc/ScheepsType"/>
  <skos:inScheme rdf:resource="http://purl.org/collections/nl/dss/gzmvoc/ScheepsTypeConceptScheme"/>
</rdf:Description>

<rdf:Description rdf:about="http://purl.org/collections/nl/dss/gzmvoc/scheepstype-Mayang_prauw"
    skos:prefLabel="Mayang prauw">
  <rdf:type rdf:resource="http://purl.org/collections/nl/dss/gzmvoc/ScheepsType"/>
  <skos:inScheme rdf:resource="http://purl.org/collections/nl/dss/gzmvoc/ScheepsTypeConceptScheme"/>
</rdf:Description>

<rdf:Description rdf:about="http://purl.org/collections/nl/dss/gzmvoc/scheepstype-Klauw_Khauw"
    skos:prefLabel="Klauw? / Khauw?">
  <rdf:type rdf:resource="http://purl.org/collections/nl/dss/gzmvoc/ScheepsType"/>
  <skos:inScheme rdf:resource="http://purl.org/collections/nl/dss/gzmvoc/ScheepsTypeConceptScheme"/>
</rdf:Description>

<rdf:Description rdf:about="http://purl.org/collections/nl/dss/gzmvoc/scheepstype-Hoornschuijt"
    skos:prefLabel="Hoornschuijt">
  <rdf:type rdf:resource="http://purl.org/collections/nl/dss/gzmvoc/ScheepsType"/>
  <skos:inScheme rdf:resource="http://purl.org/collections/nl/dss/gzmvoc/ScheepsTypeConceptScheme"/>
</rdf:Description>

<rdf:Description rdf:about="http://purl.org/collections/nl/dss/gzmvoc/scheepstype-Schouw"
    skos:prefLabel="Schouw">
  <rdf:type rdf:resource="http://purl.org/collections/nl/dss/gzmvoc/ScheepsType"/>
  <skos:inScheme rdf:resource="http://purl.org/collections/nl/dss/gzmvoc/ScheepsTypeConceptScheme"/>
</rdf:Description>

<rdf:Description rdf:about="http://purl.org/collections/nl/dss/gzmvoc/scheepstype-Schip_admiraalschip"
    skos:prefLabel="Schip, admiraalschip">
  <rdf:type rdf:resource="http://purl.org/collections/nl/dss/gzmvoc/ScheepsType"/>
  <skos:inScheme rdf:resource="http://purl.org/collections/nl/dss/gzmvoc/ScheepsTypeConceptScheme"/>
</rdf:Description>

<rdf:Description rdf:about="http://purl.org/collections/nl/dss/gzmvoc/scheepstype-Klene_conting"
    skos:prefLabel="Klene conting">
  <rdf:type rdf:resource="http://purl.org/collections/nl/dss/gzmvoc/ScheepsType"/>
  <skos:inScheme rdf:resource="http://purl.org/collections/nl/dss/gzmvoc/ScheepsTypeConceptScheme"/>
</rdf:Description>

<rdf:Description rdf:about="http://purl.org/collections/nl/dss/gzmvoc/scheepstype-Schouwen"
    skos:prefLabel="Schouwen">
  <rdf:type rdf:resource="http://purl.org/collections/nl/dss/gzmvoc/ScheepsType"/>
  <skos:inScheme rdf:resource="http://purl.org/collections/nl/dss/gzmvoc/ScheepsTypeConceptScheme"/>
</rdf:Description>

<rdf:Description rdf:about="http://purl.org/collections/nl/dss/gzmvoc/scheepstype-Berkentijn"
    skos:prefLabel="Berkentijn">
  <rdf:type rdf:resource="http://purl.org/collections/nl/dss/gzmvoc/ScheepsType"/>
  <skos:inScheme rdf:resource="http://purl.org/collections/nl/dss/gzmvoc/ScheepsTypeConceptScheme"/>
</rdf:Description>

<rdf:Description rdf:about="http://purl.org/collections/nl/dss/gzmvoc/scheepstype-Jagt_oorlogsjagt"
    skos:prefLabel="Jagt, oorlogsjagt">
  <rdf:type rdf:resource="http://purl.org/collections/nl/dss/gzmvoc/ScheepsType"/>
  <skos:inScheme rdf:resource="http://purl.org/collections/nl/dss/gzmvoc/ScheepsTypeConceptScheme"/>
</rdf:Description>

<rdf:Description rdf:about="http://purl.org/collections/nl/dss/gzmvoc/scheepstype-Java_s_Noordoostcust"
    skos:prefLabel="Java's Noordoostcust">
  <rdf:type rdf:resource="http://purl.org/collections/nl/dss/gzmvoc/ScheepsType"/>
  <skos:inScheme rdf:resource="http://purl.org/collections/nl/dss/gzmvoc/ScheepsTypeConceptScheme"/>
</rdf:Description>

</rdf:RDF>
