<?xml version='1.0' encoding='UTF-8'?>
<!DOCTYPE rdf:RDF [
    <!ENTITY dcterms 'http://purl.org/dc/terms/'>
    <!ENTITY foaf 'http://xmlns.com/foaf/0.1/'>
    <!ENTITY rdf 'http://www.w3.org/1999/02/22-rdf-syntax-ns#'>
    <!ENTITY rdfs 'http://www.w3.org/2000/01/rdf-schema#'>
    <!ENTITY skos 'http://www.w3.org/2004/02/skos/core#'>
]>

<rdf:RDF
    xmlns:dcterms="&dcterms;"
    xmlns:foaf="&foaf;"
    xmlns:rdf="&rdf;"
    xmlns:rdfs="&rdfs;"
    xmlns:skos="&skos;"
>
<skos:ConceptScheme rdf:about="http://purl.org/collections/nl/dss/gzmvoc/ScheepsTypeConceptScheme"
    rdfs:label="GZM VOC Scheepstypen Conceptscheme (gegenereerd)"/>

<rdf:Property rdf:about="http://purl.org/collections/nl/dss/gzmvoc/asAangenomenJaar">
  <rdfs:domain rdf:resource="http://purl.org/collections/nl/dss/gzmvoc/Telling"/>
  <rdfs:label xml:lang="nl">asAangenomenJaar</rdfs:label>
  <rdfs:range rdf:resource="&rdfs;Literal"/>
</rdf:Property>

<rdf:Property rdf:about="http://purl.org/collections/nl/dss/gzmvoc/azAanduidingVoorman">
  <rdfs:label xml:lang="nl">azAanduidingVoorman</rdfs:label>
  <rdfs:range rdf:resource="&rdfs;Literal"/>
</rdf:Property>

<rdf:Property rdf:about="http://purl.org/collections/nl/dss/gzmvoc/azAantalVoormansmaat">
  <rdfs:label xml:lang="nl">azAantalVoormansmaat</rdfs:label>
  <rdfs:range rdf:resource="&rdfs;Literal"/>
</rdf:Property>

<rdf:Property rdf:about="http://purl.org/collections/nl/dss/gzmvoc/azAantalMatrozen">
  <rdfs:label xml:lang="nl">azAantalMatrozen</rdfs:label>
  <rdfs:range rdf:resource="&rdfs;Literal"/>
</rdf:Property>

<rdf:Property rdf:about="http://purl.org/collections/nl/dss/gzmvoc/aantalZeevarendenEuropees">
  <rdfs:domain rdf:resource="http://purl.org/collections/nl/dss/gzmvoc/Telling"/>
  <rdfs:label xml:lang="nl">aantalZeevarendenEuropees</rdfs:label>
  <rdfs:range rdf:resource="&rdfs;Literal"/>
</rdf:Property>

<rdf:Property rdf:about="http://purl.org/collections/nl/dss/gzmvoc/aantalOverig">
  <rdfs:domain rdf:resource="http://purl.org/collections/nl/dss/gzmvoc/Telling"/>
  <rdfs:label xml:lang="nl">aantalOverig</rdfs:label>
  <rdfs:range rdf:resource="&rdfs;Literal"/>
</rdf:Property>

<rdf:Property rdf:about="http://purl.org/collections/nl/dss/gzmvoc/naInventarisnummer">
  <rdfs:domain rdf:resource="http://purl.org/collections/nl/dss/gzmvoc/Telling"/>
  <rdfs:label xml:lang="nl">naInventarisnummer</rdfs:label>
  <rdfs:range rdf:resource="&rdfs;Literal"/>
</rdf:Property>

<rdf:Property rdf:about="http://purl.org/collections/nl/dss/gzmvoc/scheepstype">
  <rdfs:label xml:lang="nl">scheepstype</rdfs:label>
  <rdfs:range rdf:resource="&rdfs;Literal"/>
  <rdfs:subPropertyOf rdf:resource="&rdfs;comment"/>
</rdf:Property>

<rdf:Property rdf:about="http://purl.org/collections/nl/dss/gzmvoc/azAantalKok">
  <rdfs:label xml:lang="nl">azAantalKok</rdfs:label>
  <rdfs:range rdf:resource="&rdfs;Literal"/>
</rdf:Property>

<rdf:Property rdf:about="http://purl.org/collections/nl/dss/gzmvoc/azRegistratieKop">
  <rdfs:label xml:lang="nl">azRegistratieKop</rdfs:label>
  <rdfs:range rdf:resource="&rdfs;Literal"/>
</rdf:Property>

<rdf:Property rdf:about="http://purl.org/collections/nl/dss/gzmvoc/azRegistratieWijze">
  <rdfs:label xml:lang="nl">azRegistratieWijze</rdfs:label>
  <rdfs:range rdf:resource="&rdfs;Literal"/>
</rdf:Property>

<rdfs:Class rdf:about="http://purl.org/collections/nl/dss/gzmvoc/Plaats">
  <rdfs:label xml:lang="nl">Plaats</rdfs:label>
</rdfs:Class>

<rdf:Property rdf:about="http://purl.org/collections/nl/dss/gzmvoc/datum">
  <rdfs:domain rdf:resource="http://purl.org/collections/nl/dss/gzmvoc/Telling"/>
  <rdfs:label xml:lang="nl">datum</rdfs:label>
  <rdfs:range rdf:resource="&rdfs;Literal"/>
  <rdfs:subPropertyOf rdf:resource="&dcterms;date"/>
</rdf:Property>

<rdf:Property rdf:about="http://purl.org/collections/nl/dss/gzmvoc/azLoonMatrozen">
  <rdfs:label xml:lang="nl">azLoonMatrozen</rdfs:label>
  <rdfs:range rdf:resource="&rdfs;Literal"/>
</rdf:Property>

<rdf:Property rdf:about="http://purl.org/collections/nl/dss/gzmvoc/azLoonVoormansmaat">
  <rdfs:label xml:lang="nl">azLoonVoormansmaat</rdfs:label>
  <rdfs:range rdf:resource="&rdfs;Literal"/>
</rdf:Property>

<rdf:Property rdf:about="http://purl.org/collections/nl/dss/gzmvoc/aziatischeBemanning">
  <rdfs:domain rdf:resource="http://purl.org/collections/nl/dss/gzmvoc/Telling"/>
  <rdfs:label xml:lang="nl">aziatischeBemanning</rdfs:label>
  <rdfs:range rdf:resource="&rdfs;Resource"/>
</rdf:Property>

<rdf:Property rdf:about="http://purl.org/collections/nl/dss/gzmvoc/aantalSoldatenEuropees">
  <rdfs:domain rdf:resource="http://purl.org/collections/nl/dss/gzmvoc/Telling"/>
  <rdfs:label xml:lang="nl">aantalSoldatenEuropees</rdfs:label>
  <rdfs:range rdf:resource="&rdfs;Literal"/>
</rdf:Property>

<rdf:Property rdf:about="http://purl.org/collections/nl/dss/gzmvoc/aantalPersonen">
  <rdfs:domain rdf:resource="http://purl.org/collections/nl/dss/gzmvoc/Telling"/>
  <rdfs:label xml:lang="nl">aantalPersonen</rdfs:label>
  <rdfs:range rdf:resource="&rdfs;Literal"/>
</rdf:Property>

<rdfs:Class rdf:about="http://purl.org/collections/nl/dss/gzmvoc/ScheepsType"
    rdfs:label="ScheepsType">
  <rdfs:subClassOf rdf:resource="&skos;Concept"/>
</rdfs:Class>

<rdf:Property rdf:about="http://purl.org/collections/nl/dss/gzmvoc/has_geboorteplaats">
  <rdfs:label xml:lang="nl">heeft geboorteplaats</rdfs:label>
  <rdfs:range rdf:resource="&rdfs;Resource"/>
</rdf:Property>

<rdf:Property rdf:about="http://purl.org/collections/nl/dss/gzmvoc/azAangenomenPlaats">
  <rdfs:label xml:lang="nl">azAangenomenPlaats</rdfs:label>
  <rdfs:range rdf:resource="&rdfs;Literal"/>
</rdf:Property>

<rdf:Property rdf:about="http://purl.org/collections/nl/dss/gzmvoc/naFolioNummer">
  <rdfs:domain rdf:resource="http://purl.org/collections/nl/dss/gzmvoc/Telling"/>
  <rdfs:label xml:lang="nl">naFolioNummer</rdfs:label>
  <rdfs:range rdf:resource="&rdfs;Literal"/>
</rdf:Property>

<rdf:Property rdf:about="http://purl.org/collections/nl/dss/gzmvoc/has_das_link_heen">
  <rdfs:label xml:lang="nl">heeft DAS heenreis</rdfs:label>
  <rdfs:range rdf:resource="&rdfs;Resource"/>
</rdf:Property>

<rdf:Property rdf:about="http://purl.org/collections/nl/dss/gzmvoc/azAangenomenJaarNorm">
  <rdfs:domain rdf:resource="http://purl.org/collections/nl/dss/gzmvoc/Telling"/>
  <rdfs:label xml:lang="nl">azAangenomenJaarNorm</rdfs:label>
  <rdfs:range rdf:resource="&rdfs;Literal"/>
</rdf:Property>

<rdf:Property rdf:about="http://purl.org/collections/nl/dss/gzmvoc/opmerkingen">
  <rdfs:domain rdf:resource="http://purl.org/collections/nl/dss/gzmvoc/Telling"/>
  <rdfs:label xml:lang="nl">opmerkingen</rdfs:label>
  <rdfs:range rdf:resource="&rdfs;Literal"/>
  <rdfs:subPropertyOf rdf:resource="&rdfs;comment"/>
</rdf:Property>

<rdf:Property rdf:about="http://purl.org/collections/nl/dss/gzmvoc/lokatie">
  <rdfs:domain rdf:resource="http://purl.org/collections/nl/dss/gzmvoc/Telling"/>
  <rdfs:label xml:lang="nl">lokatie</rdfs:label>
  <rdfs:range rdf:resource="&rdfs;Literal"/>
</rdf:Property>

<rdf:Property rdf:about="http://purl.org/collections/nl/dss/gzmvoc/schip">
  <rdfs:domain rdf:resource="http://purl.org/collections/nl/dss/gzmvoc/Telling"/>
  <rdfs:label xml:lang="nl">schip</rdfs:label>
  <rdfs:range rdf:resource="&rdfs;Resource"/>
</rdf:Property>

<rdf:Property rdf:about="http://purl.org/collections/nl/dss/gzmvoc/tussenvoegsel">
  <rdfs:domain rdf:resource="&rdfs;Resource"/>
  <rdfs:label xml:lang="nl">tussenvoegsel</rdfs:label>
  <rdfs:range rdf:resource="&rdfs;Literal"/>
</rdf:Property>

<rdf:Property rdf:about="http://purl.org/collections/nl/dss/gzmvoc/geboorteplaats">
  <rdfs:domain rdf:resource="&rdfs;Resource"/>
  <rdfs:label xml:lang="nl">geboorteplaats</rdfs:label>
  <rdfs:range rdf:resource="&rdfs;Literal"/>
  <rdfs:subPropertyOf rdf:resource="&foaf;based_near"/>
</rdf:Property>

<rdfs:Class rdf:about="http://purl.org/collections/nl/dss/gzmvoc/Schipper"
    rdfs:label="Schipper"/>

<rdfs:Class rdf:about="http://purl.org/collections/nl/dss/gzmvoc/Telling">
  <rdfs:label xml:lang="nl">Telling</rdfs:label>
</rdfs:Class>

<rdf:Property rdf:about="http://purl.org/collections/nl/dss/gzmvoc/scheepsnaam">
  <rdfs:domain rdf:resource="&rdfs;Resource"/>
  <rdfs:label xml:lang="nl">scheepsnaam</rdfs:label>
  <rdfs:range rdf:resource="&rdfs;Literal"/>
  <rdfs:subPropertyOf rdf:resource="&rdfs;label"/>
</rdf:Property>

<rdf:Property rdf:about="http://purl.org/collections/nl/dss/gzmvoc/has_das_link_terug">
  <rdfs:label xml:lang="nl">heeft DAS terugreis</rdfs:label>
  <rdfs:range rdf:resource="&rdfs;Resource"/>
</rdf:Property>

<rdf:Property rdf:about="http://purl.org/collections/nl/dss/gzmvoc/asAanduidingVoorman">
  <rdfs:domain rdf:resource="http://purl.org/collections/nl/dss/gzmvoc/Telling"/>
  <rdfs:label xml:lang="nl">asAanduidingVoorman</rdfs:label>
  <rdfs:range rdf:resource="&rdfs;Literal"/>
</rdf:Property>

<rdf:Property rdf:about="http://purl.org/collections/nl/dss/gzmvoc/asAanduidingSoldaten">
  <rdfs:domain rdf:resource="http://purl.org/collections/nl/dss/gzmvoc/Telling"/>
  <rdfs:label xml:lang="nl">asAanduidingSoldaten</rdfs:label>
  <rdfs:range rdf:resource="&rdfs;Literal"/>
</rdf:Property>

<rdf:Property rdf:about="http://purl.org/collections/nl/dss/gzmvoc/notitie">
  <rdfs:domain rdf:resource="http://purl.org/collections/nl/dss/gzmvoc/Telling"/>
  <rdfs:label xml:lang="nl">notitie</rdfs:label>
  <rdfs:range rdf:resource="&rdfs;Literal"/>
  <rdfs:subPropertyOf rdf:resource="&rdfs;comment"/>
</rdf:Property>

<rdf:Property rdf:about="http://purl.org/collections/nl/dss/gzmvoc/azAanduidingMatrozen">
  <rdfs:domain rdf:resource="&rdfs;Resource"/>
  <rdfs:label xml:lang="nl">azAanduidingMatrozen</rdfs:label>
  <rdfs:range rdf:resource="&rdfs;Literal"/>
</rdf:Property>

<rdf:Property rdf:about="http://purl.org/collections/nl/dss/gzmvoc/dasLinkHeen">
  <rdfs:domain rdf:resource="http://purl.org/collections/nl/dss/gzmvoc/Telling"/>
  <rdfs:label xml:lang="nl">dasLinkHeen</rdfs:label>
  <rdfs:range rdf:resource="&rdfs;Literal"/>
</rdf:Property>

<rdf:Property rdf:about="http://purl.org/collections/nl/dss/gzmvoc/dasLinkTerug">
  <rdfs:domain rdf:resource="http://purl.org/collections/nl/dss/gzmvoc/Telling"/>
  <rdfs:label xml:lang="nl">dasLinkTerug</rdfs:label>
  <rdfs:range rdf:resource="&rdfs;Literal"/>
</rdf:Property>

<rdf:Property rdf:about="http://purl.org/collections/nl/dss/gzmvoc/asAangenomenPlaats">
  <rdfs:domain rdf:resource="http://purl.org/collections/nl/dss/gzmvoc/Telling"/>
  <rdfs:label xml:lang="nl">asAangenomenPlaats</rdfs:label>
  <rdfs:range rdf:resource="&rdfs;Literal"/>
</rdf:Property>

<rdf:Property rdf:about="http://purl.org/collections/nl/dss/gzmvoc/aantalZeevarendenAziatisch">
  <rdfs:domain rdf:resource="http://purl.org/collections/nl/dss/gzmvoc/Telling"/>
  <rdfs:label xml:lang="nl">aantalZeevarendenAziatisch</rdfs:label>
  <rdfs:range rdf:resource="&rdfs;Literal"/>
</rdf:Property>

<rdf:Property rdf:about="http://purl.org/collections/nl/dss/gzmvoc/azRegistratieOpmerking">
  <rdfs:label xml:lang="nl">azRegistratieOpmerking</rdfs:label>
  <rdfs:range rdf:resource="&rdfs;Literal"/>
</rdf:Property>

<rdf:Property rdf:about="http://purl.org/collections/nl/dss/gzmvoc/achternaam">
  <rdfs:domain rdf:resource="&rdfs;Resource"/>
  <rdfs:label xml:lang="nl">achternaam</rdfs:label>
  <rdfs:range rdf:resource="&rdfs;Literal"/>
  <rdfs:subPropertyOf rdf:resource="&foaf;familyname"/>
</rdf:Property>

<rdf:Property rdf:about="http://purl.org/collections/nl/dss/gzmvoc/asRegistratieOpmerking">
  <rdfs:domain rdf:resource="http://purl.org/collections/nl/dss/gzmvoc/Telling"/>
  <rdfs:label xml:lang="nl">asRegistratieOpmerking</rdfs:label>
  <rdfs:range rdf:resource="&rdfs;Literal"/>
</rdf:Property>

<rdf:Property rdf:about="http://purl.org/collections/nl/dss/gzmvoc/azAangenomenParthesius">
  <rdfs:label xml:lang="nl">azAangenomenParthesius</rdfs:label>
  <rdfs:range rdf:resource="&rdfs;Literal"/>
</rdf:Property>

<rdf:Property rdf:about="http://purl.org/collections/nl/dss/gzmvoc/asLoonSoldaat">
  <rdfs:domain rdf:resource="http://purl.org/collections/nl/dss/gzmvoc/Telling"/>
  <rdfs:label xml:lang="nl">asLoonSoldaat</rdfs:label>
  <rdfs:range rdf:resource="&rdfs;Literal"/>
</rdf:Property>

<rdf:Property rdf:about="http://purl.org/collections/nl/dss/gzmvoc/aantalSoldatenAziatisch">
  <rdfs:domain rdf:resource="http://purl.org/collections/nl/dss/gzmvoc/Telling"/>
  <rdfs:label xml:lang="nl">aantalSoldatenAziatisch</rdfs:label>
  <rdfs:range rdf:resource="&rdfs;Literal"/>
</rdf:Property>

<rdf:Property rdf:about="http://purl.org/collections/nl/dss/gzmvoc/asLoonCorporaal">
  <rdfs:domain rdf:resource="http://purl.org/collections/nl/dss/gzmvoc/Telling"/>
  <rdfs:label xml:lang="nl">asLoonCorporaal</rdfs:label>
  <rdfs:range rdf:resource="&rdfs;Literal"/>
</rdf:Property>

<rdf:Property rdf:about="http://purl.org/collections/nl/dss/gzmvoc/asRegistratieKop">
  <rdfs:domain rdf:resource="http://purl.org/collections/nl/dss/gzmvoc/Telling"/>
  <rdfs:label xml:lang="nl">asRegistratieKop</rdfs:label>
  <rdfs:range rdf:resource="&rdfs;Literal"/>
</rdf:Property>

<rdf:Property rdf:about="http://purl.org/collections/nl/dss/gzmvoc/azLoonVoorman">
  <rdfs:label xml:lang="nl">azLoonVoorman</rdfs:label>
  <rdfs:range rdf:resource="&rdfs;Literal"/>
</rdf:Property>

<rdf:Property rdf:about="http://purl.org/collections/nl/dss/gzmvoc/has_scheepstype"
    rdfs:label="has_scheepstype">
  <rdfs:domain rdf:resource="&rdfs;Resource"/>
  <rdfs:range rdf:resource="http://purl.org/collections/nl/dss/gzmvoc/ScheepsType"/>
</rdf:Property>

<rdf:Property rdf:about="http://purl.org/collections/nl/dss/gzmvoc/asLoonHoofd">
  <rdfs:domain rdf:resource="http://purl.org/collections/nl/dss/gzmvoc/Telling"/>
  <rdfs:label xml:lang="nl">asLoonHoofd</rdfs:label>
  <rdfs:range rdf:resource="&rdfs;Literal"/>
</rdf:Property>

<rdf:Property rdf:about="http://purl.org/collections/nl/dss/gzmvoc/plaatsParthesius">
  <rdfs:domain rdf:resource="http://purl.org/collections/nl/dss/gzmvoc/Telling"/>
  <rdfs:label xml:lang="nl">plaatsParthesius</rdfs:label>
  <rdfs:range rdf:resource="&rdfs;Literal"/>
</rdf:Property>

<rdf:Property rdf:about="http://purl.org/collections/nl/dss/gzmvoc/has_lokatie">
  <rdfs:label xml:lang="nl">heeft lokatie</rdfs:label>
  <rdfs:range rdf:resource="&rdfs;Resource"/>
</rdf:Property>

<rdf:Property rdf:about="http://purl.org/collections/nl/dss/gzmvoc/voornaam">
  <rdfs:label xml:lang="nl">voornaam</rdfs:label>
  <rdfs:range rdf:resource="&rdfs;Literal"/>
</rdf:Property>

<rdf:Property rdf:about="http://purl.org/collections/nl/dss/gzmvoc/schipper">
  <rdfs:domain rdf:resource="http://purl.org/collections/nl/dss/gzmvoc/Telling"/>
  <rdfs:label xml:lang="nl">schipper</rdfs:label>
  <rdfs:range rdf:resource="&rdfs;Resource"/>
</rdf:Property>

<rdf:Property rdf:about="http://purl.org/collections/nl/dss/gzmvoc/asRegistratieWijze">
  <rdfs:domain rdf:resource="http://purl.org/collections/nl/dss/gzmvoc/Telling"/>
  <rdfs:label xml:lang="nl">asRegistratieWijze</rdfs:label>
  <rdfs:range rdf:resource="&rdfs;Literal"/>
</rdf:Property>

<rdf:Property rdf:about="http://purl.org/collections/nl/dss/gzmvoc/aankomstAzie">
  <rdfs:domain rdf:resource="&rdfs;Resource"/>
  <rdfs:label xml:lang="nl">aankomstAzie</rdfs:label>
  <rdfs:range rdf:resource="&rdfs;Literal"/>
</rdf:Property>

<rdfs:Class rdf:about="http://purl.org/collections/nl/dss/gzmvoc/Schip"
    rdfs:label="Schip"/>

<rdf:Property rdf:about="http://purl.org/collections/nl/dss/gzmvoc/azLoonKok">
  <rdfs:domain rdf:resource="&rdfs;Resource"/>
  <rdfs:label xml:lang="nl">azLoonKok</rdfs:label>
  <rdfs:range rdf:resource="&rdfs;Literal"/>
</rdf:Property>

<rdf:Property rdf:about="http://purl.org/collections/nl/dss/gzmvoc/azAantalVoorman">
  <rdfs:label xml:lang="nl">azAantalVoorman</rdfs:label>
  <rdfs:range rdf:resource="&rdfs;Literal"/>
</rdf:Property>

<rdf:Property rdf:about="http://purl.org/collections/nl/dss/gzmvoc/telling">
  <rdfs:domain rdf:resource="http://purl.org/collections/nl/dss/gzmvoc/Telling"/>
  <rdfs:label xml:lang="nl">telling</rdfs:label>
  <rdfs:range rdf:resource="&rdfs;Literal"/>
</rdf:Property>

<rdf:Property rdf:about="http://purl.org/collections/nl/dss/gzmvoc/azAangenomenJaar">
  <rdfs:label xml:lang="nl">azAangenomenJaar</rdfs:label>
  <rdfs:range rdf:resource="&rdfs;Literal"/>
</rdf:Property>

</rdf:RDF>
