<?xml version='1.0' encoding='UTF-8'?>
<!DOCTYPE rdf:RDF [
    <!ENTITY ns7 'http://purl.org/collections/nl/dss/mdb/'>
    <!ENTITY rdf 'http://www.w3.org/1999/02/22-rdf-syntax-ns#'>
    <!ENTITY rdfs 'http://www.w3.org/2000/01/rdf-schema#'>
    <!ENTITY skos 'http://www.w3.org/2004/02/skos/core#'>
]>

<rdf:RDF
    xmlns:ns7="&ns7;"
    xmlns:rdf="&rdf;"
    xmlns:rdfs="&rdfs;"
    xmlns:skos="&skos;"
>
<rdf:Description rdf:about="&ns3;mdb/shiptype-schoenerbrik">
  <skos:inScheme rdf:resource="&ns3;mdb/MDBShipTypeSchemeData"/>
</rdf:Description>

<rdf:Description rdf:about="&ns3;mdb/rang-schipperszoon">
  <skos:inScheme rdf:resource="&ns3;mdb/MDBRankSchemeData"/>
</rdf:Description>

<rdf:Description rdf:about="&ns3;mdb/rang-jongste">
  <skos:inScheme rdf:resource="&ns3;mdb/MDBRankSchemeData"/>
</rdf:Description>

<rdf:Description rdf:about="&ns3;mdb/rang-kajuitwacher-koksmaat">
  <skos:inScheme rdf:resource="&ns3;mdb/MDBRankSchemeData"/>
</rdf:Description>

<rdf:Description rdf:about="&ns3;mdb/rang-bootsman-timmerman">
  <skos:inScheme rdf:resource="&ns3;mdb/MDBRankSchemeData"/>
</rdf:Description>

<rdf:Description rdf:about="&ns3;mdb/rang-schippersdochter">
  <skos:inScheme rdf:resource="&ns3;mdb/MDBRankSchemeData"/>
</rdf:Description>

<rdf:Description rdf:about="&ns3;mdb/rang-secretaris">
  <skos:inScheme rdf:resource="&ns3;mdb/MDBRankSchemeData"/>
</rdf:Description>

<rdf:Description rdf:about="&ns3;mdb/rang-derde_machinist">
  <skos:inScheme rdf:resource="&ns3;mdb/MDBRankSchemeData"/>
</rdf:Description>

<rdf:Description rdf:about="&ns3;mdb/rang-stoker-donkeyman">
  <skos:inScheme rdf:resource="&ns3;mdb/MDBRankSchemeData"/>
</rdf:Description>

<rdf:Description rdf:about="&ns3;mdb/rang-kapiteinsnicht">
  <skos:inScheme rdf:resource="&ns3;mdb/MDBRankSchemeData"/>
</rdf:Description>

<rdf:Description rdf:about="&ns3;mdb/shiptype-aak_zeilaak">
  <skos:inScheme rdf:resource="&ns3;mdb/MDBShipTypeSchemeData"/>
</rdf:Description>

<rdf:Description rdf:about="&ns3;mdb/rang-lichtmatroos-kajuitwachter">
  <skos:inScheme rdf:resource="&ns3;mdb/MDBRankSchemeData"/>
</rdf:Description>

<rdf:Description rdf:about="&ns3;mdb/rang-tweede_stuurman-bootsman">
  <skos:inScheme rdf:resource="&ns3;mdb/MDBRankSchemeData"/>
</rdf:Description>

<rdf:Description rdf:about="&ns3;mdb/shiptype-driemastschip">
  <skos:inScheme rdf:resource="&ns3;mdb/MDBShipTypeSchemeData"/>
</rdf:Description>

<rdf:Description rdf:about="&ns3;mdb/rang-eerste_timmerman">
  <skos:inScheme rdf:resource="&ns3;mdb/MDBRankSchemeData"/>
</rdf:Description>

<rdf:Description rdf:about="&ns3;mdb/rang-oudste">
  <skos:inScheme rdf:resource="&ns3;mdb/MDBRankSchemeData"/>
</rdf:Description>

<rdf:Description rdf:about="&ns3;mdb/rang-machinist-stoker">
  <skos:inScheme rdf:resource="&ns3;mdb/MDBRankSchemeData"/>
</rdf:Description>

<rdf:Description rdf:about="&ns3;mdb/rang-leerling_machinist">
  <skos:inScheme rdf:resource="&ns3;mdb/MDBRankSchemeData"/>
</rdf:Description>

<rdf:Description rdf:about="&ns3;mdb/rang-passagier">
  <skos:inScheme rdf:resource="&ns3;mdb/MDBRankSchemeData"/>
</rdf:Description>

<rdf:Description rdf:about="&ns3;mdb/rang-koksmaat-kajuitwachter">
  <skos:inScheme rdf:resource="&ns3;mdb/MDBRankSchemeData"/>
</rdf:Description>

<rdf:Description rdf:about="&ns3;mdb/rang-koksgast">
  <skos:inScheme rdf:resource="&ns3;mdb/MDBRankSchemeData"/>
</rdf:Description>

<rdf:Description rdf:about="&ns3;mdb/shiptype-bark">
  <skos:inScheme rdf:resource="&ns3;mdb/MDBShipTypeSchemeData"/>
</rdf:Description>

<rdf:Description rdf:about="&ns3;mdb/shiptype-smaktjalk">
  <skos:inScheme rdf:resource="&ns3;mdb/MDBShipTypeSchemeData"/>
</rdf:Description>

<rdf:Description rdf:about="&ns3;mdb/rang-lichtmatroos">
  <skos:inScheme rdf:resource="&ns3;mdb/MDBRankSchemeData"/>
</rdf:Description>

<rdf:Description rdf:about="&ns3;mdb/shiptype-zeilschip">
  <skos:inScheme rdf:resource="&ns3;mdb/MDBShipTypeSchemeData"/>
</rdf:Description>

<rdf:Description rdf:about="&ns3;mdb/shiptype-motorzeilschip">
  <skos:inScheme rdf:resource="&ns3;mdb/MDBShipTypeSchemeData"/>
</rdf:Description>

<rdf:Description rdf:about="&ns3;mdb/rang-assistent_machinist">
  <skos:inScheme rdf:resource="&ns3;mdb/MDBRankSchemeData"/>
</rdf:Description>

<rdf:Description rdf:about="&ns3;mdb/rang-tremmer">
  <skos:inScheme rdf:resource="&ns3;mdb/MDBRankSchemeData"/>
</rdf:Description>

<rdf:Description rdf:about="&ns3;mdb/rang-zware_lichtmatroos">
  <skos:inScheme rdf:resource="&ns3;mdb/MDBRankSchemeData"/>
</rdf:Description>

<rdf:Description rdf:about="&ns3;mdb/shiptype-haakschip">
  <skos:inScheme rdf:resource="&ns3;mdb/MDBShipTypeSchemeData"/>
</rdf:Description>

<rdf:Description rdf:about="&ns3;mdb/rang-matroos-kok">
  <skos:inScheme rdf:resource="&ns3;mdb/MDBRankSchemeData"/>
</rdf:Description>

<rdf:Description rdf:about="&ns3;mdb/shiptype-zeilstoomschip">
  <skos:inScheme rdf:resource="&ns3;mdb/MDBShipTypeSchemeData"/>
</rdf:Description>

<rdf:Description rdf:about="&ns3;mdb/rang-bootsmansmaat">
  <skos:inScheme rdf:resource="&ns3;mdb/MDBRankSchemeData"/>
</rdf:Description>

<rdf:Description rdf:about="&ns3;mdb/rang-scheepsjongen">
  <skos:inScheme rdf:resource="&ns3;mdb/MDBRankSchemeData"/>
</rdf:Description>

<rdf:Description rdf:about="&ns3;mdb/rang-stewardess_stuwardes">
  <skos:inScheme rdf:resource="&ns3;mdb/MDBRankSchemeData"/>
</rdf:Description>

<rdf:Description rdf:about="&ns3;mdb/rang-bestman">
  <skos:inScheme rdf:resource="&ns3;mdb/MDBRankSchemeData"/>
</rdf:Description>

<rdf:Description rdf:about="&ns3;mdb/shiptype-sleepboot">
  <skos:inScheme rdf:resource="&ns3;mdb/MDBShipTypeSchemeData"/>
</rdf:Description>

<rdf:Description rdf:about="&ns3;mdb/shiptype-stoomschip">
  <skos:inScheme rdf:resource="&ns3;mdb/MDBShipTypeSchemeData"/>
</rdf:Description>

<rdf:Description rdf:about="&ns3;mdb/rang-timmerman-matroos">
  <skos:inScheme rdf:resource="&ns3;mdb/MDBRankSchemeData"/>
</rdf:Description>

<rdf:Description rdf:about="&ns3;mdb/rang-matroos-lampenist">
  <skos:inScheme rdf:resource="&ns3;mdb/MDBRankSchemeData"/>
</rdf:Description>

<rdf:Description rdf:about="&ns3;mdb/rang-supercargo_super_carga">
  <skos:inScheme rdf:resource="&ns3;mdb/MDBRankSchemeData"/>
</rdf:Description>

<rdf:Description rdf:about="&ns3;mdb/rang-tolk">
  <skos:inScheme rdf:resource="&ns3;mdb/MDBRankSchemeData"/>
</rdf:Description>

<rdf:Description rdf:about="&ns3;mdb/shiptype-zeilvaartuig">
  <skos:inScheme rdf:resource="&ns3;mdb/MDBShipTypeSchemeData"/>
</rdf:Description>

<rdf:Description rdf:about="&ns3;mdb/shiptype-fregat">
  <skos:inScheme rdf:resource="&ns3;mdb/MDBShipTypeSchemeData"/>
</rdf:Description>

<rdf:Description rdf:about="&ns3;mdb/rang-lierstoker">
  <skos:inScheme rdf:resource="&ns3;mdb/MDBRankSchemeData"/>
</rdf:Description>

<skos:ConceptScheme rdf:about="&ns3;mdb/MDBShipTypeSchemeData">
  <rdfs:label>Noordelijke Monsterrollen Scheepstypen Thesaurus Gegenereerd uit data</rdfs:label>
</skos:ConceptScheme>

<rdf:Description rdf:about="&ns3;mdb/shiptype-klipperschoener">
  <skos:inScheme rdf:resource="&ns3;mdb/MDBShipTypeSchemeData"/>
</rdf:Description>

<rdf:Description rdf:about="&ns3;mdb/rang-kajuitdekjongen">
  <skos:inScheme rdf:resource="&ns3;mdb/MDBRankSchemeData"/>
</rdf:Description>

<rdf:Description rdf:about="&ns3;mdb/rang-stoker-olieman">
  <skos:inScheme rdf:resource="&ns3;mdb/MDBRankSchemeData"/>
</rdf:Description>

<rdf:Description rdf:about="&ns3;mdb/rang-bootsman-kok">
  <skos:inScheme rdf:resource="&ns3;mdb/MDBRankSchemeData"/>
</rdf:Description>

<rdf:Description rdf:about="&ns3;mdb/shiptype-schoener_schoeneraak">
  <skos:inScheme rdf:resource="&ns3;mdb/MDBShipTypeSchemeData"/>
</rdf:Description>

<rdf:Description rdf:about="&ns3;mdb/rang-kok-hofmeester">
  <skos:inScheme rdf:resource="&ns3;mdb/MDBRankSchemeData"/>
</rdf:Description>

<rdf:Description rdf:about="&ns3;mdb/rang-matroos-zeilmaker">
  <skos:inScheme rdf:resource="&ns3;mdb/MDBRankSchemeData"/>
</rdf:Description>

<rdf:Description rdf:about="&ns3;mdb/rang-schippersneef">
  <skos:inScheme rdf:resource="&ns3;mdb/MDBRankSchemeData"/>
</rdf:Description>

<rdf:Description rdf:about="&ns3;mdb/rang-eerste_machinist">
  <skos:inScheme rdf:resource="&ns3;mdb/MDBRankSchemeData"/>
</rdf:Description>

<rdf:Description rdf:about="&ns3;mdb/rang-donkeyman-stoker">
  <skos:inScheme rdf:resource="&ns3;mdb/MDBRankSchemeData"/>
</rdf:Description>

<rdf:Description rdf:about="&ns3;mdb/rang-matroos-motordrijver">
  <skos:inScheme rdf:resource="&ns3;mdb/MDBRankSchemeData"/>
</rdf:Description>

<rdf:Description rdf:about="&ns3;mdb/rang-bootsman">
  <skos:inScheme rdf:resource="&ns3;mdb/MDBRankSchemeData"/>
</rdf:Description>

<rdf:Description rdf:about="&ns3;mdb/shiptype-kotter">
  <skos:inScheme rdf:resource="&ns3;mdb/MDBShipTypeSchemeData"/>
</rdf:Description>

<rdf:Description rdf:about="&ns3;mdb/shiptype-tabber">
  <skos:inScheme rdf:resource="&ns3;mdb/MDBShipTypeSchemeData"/>
</rdf:Description>

<rdf:Description rdf:about="&ns3;mdb/shiptype-galjootbark">
  <skos:inScheme rdf:resource="&ns3;mdb/MDBShipTypeSchemeData"/>
</rdf:Description>

<rdf:Description rdf:about="&ns3;mdb/rang-afhouder">
  <skos:inScheme rdf:resource="&ns3;mdb/MDBRankSchemeData"/>
</rdf:Description>

<rdf:Description rdf:about="&ns3;mdb/rang-matroos-bootsman">
  <skos:inScheme rdf:resource="&ns3;mdb/MDBRankSchemeData"/>
</rdf:Description>

<rdf:Description rdf:about="&ns3;mdb/rang-zeeman">
  <skos:inScheme rdf:resource="&ns3;mdb/MDBRankSchemeData"/>
</rdf:Description>

<rdf:Description rdf:about="&ns3;mdb/rang-gezagvoerders_echtgenoot">
  <skos:inScheme rdf:resource="&ns3;mdb/MDBRankSchemeData"/>
</rdf:Description>

<rdf:Description rdf:about="&ns3;mdb/rang-lampenist">
  <skos:inScheme rdf:resource="&ns3;mdb/MDBRankSchemeData"/>
</rdf:Description>

<rdf:Description rdf:about="&ns3;mdb/rang-kok-scheepsjongen">
  <skos:inScheme rdf:resource="&ns3;mdb/MDBRankSchemeData"/>
</rdf:Description>

<rdf:Description rdf:about="&ns3;mdb/rang-kapitein-reder">
  <skos:inScheme rdf:resource="&ns3;mdb/MDBRankSchemeData"/>
</rdf:Description>

<rdf:Description rdf:about="&ns3;mdb/rang-matroos-timmerman">
  <skos:inScheme rdf:resource="&ns3;mdb/MDBRankSchemeData"/>
</rdf:Description>

<rdf:Description rdf:about="&ns3;mdb/rang-scheepsjongen-kok">
  <skos:inScheme rdf:resource="&ns3;mdb/MDBRankSchemeData"/>
</rdf:Description>

<rdf:Description rdf:about="&ns3;mdb/shiptype-kaperschip">
  <skos:inScheme rdf:resource="&ns3;mdb/MDBShipTypeSchemeData"/>
</rdf:Description>

<rdf:Description rdf:about="&ns3;mdb/rang-hofmeesteres">
  <skos:inScheme rdf:resource="&ns3;mdb/MDBRankSchemeData"/>
</rdf:Description>

<rdf:Description rdf:about="&ns3;mdb/rang-vrouw">
  <skos:inScheme rdf:resource="&ns3;mdb/MDBRankSchemeData"/>
</rdf:Description>

<rdf:Description rdf:about="&ns3;mdb/rang-oppertimmerman">
  <skos:inScheme rdf:resource="&ns3;mdb/MDBRankSchemeData"/>
</rdf:Description>

<rdf:Description rdf:about="&ns3;mdb/rang-stoker-lierbediener">
  <skos:inScheme rdf:resource="&ns3;mdb/MDBRankSchemeData"/>
</rdf:Description>

<rdf:Description rdf:about="&ns3;mdb/shiptype-vissersschip">
  <skos:inScheme rdf:resource="&ns3;mdb/MDBShipTypeSchemeData"/>
</rdf:Description>

<rdf:Description rdf:about="&ns3;mdb/rang-scheepsmaat">
  <skos:inScheme rdf:resource="&ns3;mdb/MDBRankSchemeData"/>
</rdf:Description>

<rdf:Description rdf:about="&ns3;mdb/rang-novice">
  <skos:inScheme rdf:resource="&ns3;mdb/MDBRankSchemeData"/>
</rdf:Description>

<rdf:Description rdf:about="&ns3;mdb/rang-tweede_stuurman">
  <skos:inScheme rdf:resource="&ns3;mdb/MDBRankSchemeData"/>
</rdf:Description>

<rdf:Description rdf:about="&ns3;mdb/rang-afloskapitein">
  <skos:inScheme rdf:resource="&ns3;mdb/MDBRankSchemeData"/>
</rdf:Description>

<rdf:Description rdf:about="&ns3;mdb/shiptype-hektjalk">
  <skos:inScheme rdf:resource="&ns3;mdb/MDBShipTypeSchemeData"/>
</rdf:Description>

<rdf:Description rdf:about="&ns3;mdb/rang-kapitein_bevelvoerder">
  <skos:inScheme rdf:resource="&ns3;mdb/MDBRankSchemeData"/>
</rdf:Description>

<rdf:Description rdf:about="&ns3;mdb/rang-tweede_machinist">
  <skos:inScheme rdf:resource="&ns3;mdb/MDBRankSchemeData"/>
</rdf:Description>

<rdf:Description rdf:about="&ns3;mdb/rang-klamphouwer">
  <skos:inScheme rdf:resource="&ns3;mdb/MDBRankSchemeData"/>
</rdf:Description>

<rdf:Description rdf:about="&ns3;mdb/shiptype-schoenerkof">
  <skos:inScheme rdf:resource="&ns3;mdb/MDBShipTypeSchemeData"/>
</rdf:Description>

<rdf:Description rdf:about="&ns3;mdb/rang-stuurman">
  <skos:inScheme rdf:resource="&ns3;mdb/MDBRankSchemeData"/>
</rdf:Description>

<rdf:Description rdf:about="&ns3;mdb/rang-zeilmaker-matroos">
  <skos:inScheme rdf:resource="&ns3;mdb/MDBRankSchemeData"/>
</rdf:Description>

<rdf:Description rdf:about="&ns3;mdb/rang-schipper-reder">
  <skos:inScheme rdf:resource="&ns3;mdb/MDBRankSchemeData"/>
</rdf:Description>

<rdf:Description rdf:about="&ns3;mdb/rang-stewardess">
  <skos:inScheme rdf:resource="&ns3;mdb/MDBRankSchemeData"/>
</rdf:Description>

<rdf:Description rdf:about="&ns3;mdb/shiptype-klipper">
  <skos:inScheme rdf:resource="&ns3;mdb/MDBShipTypeSchemeData"/>
</rdf:Description>

<rdf:Description rdf:about="&ns3;mdb/rang-z_l_matroos">
  <skos:inScheme rdf:resource="&ns3;mdb/MDBRankSchemeData"/>
</rdf:Description>

<rdf:Description rdf:about="&ns3;mdb/rang-kapiteinszoon">
  <skos:inScheme rdf:resource="&ns3;mdb/MDBRankSchemeData"/>
</rdf:Description>

<rdf:Description rdf:about="&ns3;mdb/rang-timmerman-lichtmatroos">
  <skos:inScheme rdf:resource="&ns3;mdb/MDBRankSchemeData"/>
</rdf:Description>

<rdf:Description rdf:about="&ns3;mdb/rang-_">
  <skos:inScheme rdf:resource="&ns3;mdb/MDBRankSchemeData"/>
</rdf:Description>

<rdf:Description rdf:about="&ns3;mdb/rang-bootsman-matroos">
  <skos:inScheme rdf:resource="&ns3;mdb/MDBRankSchemeData"/>
</rdf:Description>

<rdf:Description rdf:about="&ns3;mdb/rang-kapitein">
  <skos:inScheme rdf:resource="&ns3;mdb/MDBRankSchemeData"/>
</rdf:Description>

<rdf:Description rdf:about="&ns3;mdb/rang-k_ok_-matroos">
  <skos:inScheme rdf:resource="&ns3;mdb/MDBRankSchemeData"/>
</rdf:Description>

<rdf:Description rdf:about="&ns3;mdb/rang-machinist">
  <skos:inScheme rdf:resource="&ns3;mdb/MDBRankSchemeData"/>
</rdf:Description>

<rdf:Description rdf:about="&ns3;mdb/rang-kok-matroos">
  <skos:inScheme rdf:resource="&ns3;mdb/MDBRankSchemeData"/>
</rdf:Description>

<rdf:Description rdf:about="&ns3;mdb/shiptype-schoener">
  <skos:inScheme rdf:resource="&ns3;mdb/MDBShipTypeSchemeData"/>
</rdf:Description>

<rdf:Description rdf:about="&ns3;mdb/shiptype-tjalk">
  <skos:inScheme rdf:resource="&ns3;mdb/MDBShipTypeSchemeData"/>
</rdf:Description>

<rdf:Description rdf:about="&ns3;mdb/shiptype-brikkof">
  <skos:inScheme rdf:resource="&ns3;mdb/MDBShipTypeSchemeData"/>
</rdf:Description>

<rdf:Description rdf:about="&ns3;mdb/rang-volmatroos">
  <skos:inScheme rdf:resource="&ns3;mdb/MDBRankSchemeData"/>
</rdf:Description>

<rdf:Description rdf:about="&ns3;mdb/rang-donkeyman">
  <skos:inScheme rdf:resource="&ns3;mdb/MDBRankSchemeData"/>
</rdf:Description>

<rdf:Description rdf:about="&ns3;mdb/rang-koksmaat">
  <skos:inScheme rdf:resource="&ns3;mdb/MDBRankSchemeData"/>
</rdf:Description>

<rdf:Description rdf:about="&ns3;mdb/rang-Noordzeeloods">
  <skos:inScheme rdf:resource="&ns3;mdb/MDBRankSchemeData"/>
</rdf:Description>

<rdf:Description rdf:about="&ns3;mdb/rang-lichtmatroos-zeilmaker">
  <skos:inScheme rdf:resource="&ns3;mdb/MDBRankSchemeData"/>
</rdf:Description>

<rdf:Description rdf:about="&ns3;mdb/rang-eerste_matroos">
  <skos:inScheme rdf:resource="&ns3;mdb/MDBRankSchemeData"/>
</rdf:Description>

<rdf:Description rdf:about="&ns3;mdb/rang-kok">
  <skos:inScheme rdf:resource="&ns3;mdb/MDBRankSchemeData"/>
</rdf:Description>

<rdf:Description rdf:about="&ns3;mdb/shiptype-klippergaljoot">
  <skos:inScheme rdf:resource="&ns3;mdb/MDBShipTypeSchemeData"/>
</rdf:Description>

<rdf:Description rdf:about="&ns3;mdb/rang-schippersvrouw">
  <skos:inScheme rdf:resource="&ns3;mdb/MDBRankSchemeData"/>
</rdf:Description>

<rdf:Description rdf:about="&ns3;mdb/rang-vlaggekapitein">
  <skos:inScheme rdf:resource="&ns3;mdb/MDBRankSchemeData"/>
</rdf:Description>

<rdf:Description rdf:about="&ns3;mdb/shiptype-klipperaak">
  <skos:inScheme rdf:resource="&ns3;mdb/MDBShipTypeSchemeData"/>
</rdf:Description>

<rdf:Description rdf:about="&ns3;mdb/rang-kok_en_deksjongen">
  <skos:inScheme rdf:resource="&ns3;mdb/MDBRankSchemeData"/>
</rdf:Description>

<rdf:Description rdf:about="&ns3;mdb/rang-schipper_gezagvoerder">
  <skos:inScheme rdf:resource="&ns3;mdb/MDBRankSchemeData"/>
</rdf:Description>

<rdf:Description rdf:about="&ns3;mdb/shiptype-rondgatschoener">
  <skos:inScheme rdf:resource="&ns3;mdb/MDBShipTypeSchemeData"/>
</rdf:Description>

<rdf:Description rdf:about="&ns3;mdb/shiptype-doggersboot">
  <skos:inScheme rdf:resource="&ns3;mdb/MDBShipTypeSchemeData"/>
</rdf:Description>

<rdf:Description rdf:about="&ns3;mdb/shiptype-kofgaljoot">
  <skos:inScheme rdf:resource="&ns3;mdb/MDBShipTypeSchemeData"/>
</rdf:Description>

<rdf:Description rdf:about="&ns3;mdb/rang-hofmeester-lichtmatroos">
  <skos:inScheme rdf:resource="&ns3;mdb/MDBRankSchemeData"/>
</rdf:Description>

<rdf:Description rdf:about="&ns3;mdb/rang-schippersmaat">
  <skos:inScheme rdf:resource="&ns3;mdb/MDBRankSchemeData"/>
</rdf:Description>

<rdf:Description rdf:about="&ns3;mdb/rang-zware_matroos">
  <skos:inScheme rdf:resource="&ns3;mdb/MDBRankSchemeData"/>
</rdf:Description>

<rdf:Description rdf:about="&ns3;mdb/rang-kapiteinreder">
  <skos:inScheme rdf:resource="&ns3;mdb/MDBRankSchemeData"/>
</rdf:Description>

<rdf:Description rdf:about="&ns3;mdb/rang-bediende">
  <skos:inScheme rdf:resource="&ns3;mdb/MDBRankSchemeData"/>
</rdf:Description>

<rdf:Description rdf:about="&ns3;mdb/rang-reder">
  <skos:inScheme rdf:resource="&ns3;mdb/MDBRankSchemeData"/>
</rdf:Description>

<rdf:Description rdf:about="&ns3;mdb/rang-timmerman">
  <skos:inScheme rdf:resource="&ns3;mdb/MDBRankSchemeData"/>
</rdf:Description>

<rdf:Description rdf:about="&ns3;mdb/shiptype-kof_galjoot">
  <skos:inScheme rdf:resource="&ns3;mdb/MDBShipTypeSchemeData"/>
</rdf:Description>

<rdf:Description rdf:about="&ns3;mdb/rang-boekhouder">
  <skos:inScheme rdf:resource="&ns3;mdb/MDBRankSchemeData"/>
</rdf:Description>

<rdf:Description rdf:about="&ns3;mdb/rang-ondertimmerman">
  <skos:inScheme rdf:resource="&ns3;mdb/MDBRankSchemeData"/>
</rdf:Description>

<rdf:Description rdf:about="&ns3;mdb/rang-schippersknecht">
  <skos:inScheme rdf:resource="&ns3;mdb/MDBRankSchemeData"/>
</rdf:Description>

<rdf:Description rdf:about="&ns3;mdb/rang-stoker">
  <skos:inScheme rdf:resource="&ns3;mdb/MDBRankSchemeData"/>
</rdf:Description>

<rdf:Description rdf:about="&ns3;mdb/rang-reepschieter">
  <skos:inScheme rdf:resource="&ns3;mdb/MDBRankSchemeData"/>
</rdf:Description>

<rdf:Description rdf:about="&ns3;mdb/shiptype-motorschip">
  <skos:inScheme rdf:resource="&ns3;mdb/MDBShipTypeSchemeData"/>
</rdf:Description>

<rdf:Description rdf:about="&ns3;mdb/rang-dekjongen">
  <skos:inScheme rdf:resource="&ns3;mdb/MDBRankSchemeData"/>
</rdf:Description>

<rdf:Description rdf:about="&ns3;mdb/shiptype-tjalksluis">
  <skos:inScheme rdf:resource="&ns3;mdb/MDBShipTypeSchemeData"/>
</rdf:Description>

<rdf:Description rdf:about="&ns3;mdb/rang-dekmaat">
  <skos:inScheme rdf:resource="&ns3;mdb/MDBRankSchemeData"/>
</rdf:Description>

<rdf:Description rdf:about="&ns3;mdb/shiptype-schoener_schoenerbrik">
  <skos:inScheme rdf:resource="&ns3;mdb/MDBShipTypeSchemeData"/>
</rdf:Description>

<rdf:Description rdf:about="&ns3;mdb/rang-bootsman-zeilmaker">
  <skos:inScheme rdf:resource="&ns3;mdb/MDBRankSchemeData"/>
</rdf:Description>

<rdf:Description rdf:about="&ns3;mdb/rang-Jungmann">
  <skos:inScheme rdf:resource="&ns3;mdb/MDBRankSchemeData"/>
</rdf:Description>

<rdf:Description rdf:about="&ns3;mdb/shiptype-sloep_Sluppen">
  <skos:inScheme rdf:resource="&ns3;mdb/MDBShipTypeSchemeData"/>
</rdf:Description>

<rdf:Description rdf:about="&ns3;mdb/rang-tweede_stuurman-matroos">
  <skos:inScheme rdf:resource="&ns3;mdb/MDBRankSchemeData"/>
</rdf:Description>

<rdf:Description rdf:about="&ns3;mdb/shiptype-fluit">
  <skos:inScheme rdf:resource="&ns3;mdb/MDBShipTypeSchemeData"/>
</rdf:Description>

<rdf:Description rdf:about="&ns3;mdb/shiptype-aak">
  <skos:inScheme rdf:resource="&ns3;mdb/MDBShipTypeSchemeData"/>
</rdf:Description>

<rdf:Description rdf:about="&ns3;mdb/rang-olieman">
  <skos:inScheme rdf:resource="&ns3;mdb/MDBRankSchemeData"/>
</rdf:Description>

<rdf:Description rdf:about="&ns3;mdb/rang-linnenjuffrouw">
  <skos:inScheme rdf:resource="&ns3;mdb/MDBRankSchemeData"/>
</rdf:Description>

<rdf:Description rdf:about="&ns3;mdb/shiptype-schoenerbark">
  <skos:inScheme rdf:resource="&ns3;mdb/MDBShipTypeSchemeData"/>
</rdf:Description>

<rdf:Description rdf:about="&ns3;mdb/shiptype-schoenergaljoot">
  <skos:inScheme rdf:resource="&ns3;mdb/MDBShipTypeSchemeData"/>
</rdf:Description>

<rdf:Description rdf:about="&ns3;mdb/shiptype-motorschoener">
  <skos:inScheme rdf:resource="&ns3;mdb/MDBShipTypeSchemeData"/>
</rdf:Description>

<rdf:Description rdf:about="&ns3;mdb/rang-kajuitwachter">
  <skos:inScheme rdf:resource="&ns3;mdb/MDBRankSchemeData"/>
</rdf:Description>

<rdf:Description rdf:about="&ns3;mdb/shiptype-logger">
  <skos:inScheme rdf:resource="&ns3;mdb/MDBShipTypeSchemeData"/>
</rdf:Description>

<rdf:Description rdf:about="&ns3;mdb/rang-hofmeester">
  <skos:inScheme rdf:resource="&ns3;mdb/MDBRankSchemeData"/>
</rdf:Description>

<rdf:Description rdf:about="&ns3;mdb/rang-schipper">
  <skos:inScheme rdf:resource="&ns3;mdb/MDBRankSchemeData"/>
</rdf:Description>

<rdf:Description rdf:about="&ns3;mdb/rang-zeilmaker">
  <skos:inScheme rdf:resource="&ns3;mdb/MDBRankSchemeData"/>
</rdf:Description>

<rdf:Description rdf:about="&ns3;mdb/shiptype-kof">
  <skos:inScheme rdf:resource="&ns3;mdb/MDBShipTypeSchemeData"/>
</rdf:Description>

<rdf:Description rdf:about="&ns3;mdb/shiptype-schoener_galjoot">
  <skos:inScheme rdf:resource="&ns3;mdb/MDBShipTypeSchemeData"/>
</rdf:Description>

<rdf:Description rdf:about="&ns3;mdb/rang-lichtmatroos-hofmeester">
  <skos:inScheme rdf:resource="&ns3;mdb/MDBRankSchemeData"/>
</rdf:Description>

<rdf:Description rdf:about="&ns3;mdb/rang-kok-lichtmatroos">
  <skos:inScheme rdf:resource="&ns3;mdb/MDBRankSchemeData"/>
</rdf:Description>

<rdf:Description rdf:about="&ns3;mdb/rang-kapiteinsvrouw">
  <skos:inScheme rdf:resource="&ns3;mdb/MDBRankSchemeData"/>
</rdf:Description>

<rdf:Description rdf:about="&ns3;mdb/rang-patron">
  <skos:inScheme rdf:resource="&ns3;mdb/MDBRankSchemeData"/>
</rdf:Description>

<rdf:Description rdf:about="&ns3;mdb/rang-stuurmansleerling">
  <skos:inScheme rdf:resource="&ns3;mdb/MDBRankSchemeData"/>
</rdf:Description>

<rdf:Description rdf:about="&ns3;mdb/shiptype-lichter">
  <skos:inScheme rdf:resource="&ns3;mdb/MDBShipTypeSchemeData"/>
</rdf:Description>

<rdf:Description rdf:about="&ns3;mdb/rang-kwekeling">
  <skos:inScheme rdf:resource="&ns3;mdb/MDBRankSchemeData"/>
</rdf:Description>

<rdf:Description rdf:about="&ns3;mdb/rang-dekjongen-zeilmaker">
  <skos:inScheme rdf:resource="&ns3;mdb/MDBRankSchemeData"/>
</rdf:Description>

<rdf:Description rdf:about="&ns3;mdb/rang-kwartiermeester">
  <skos:inScheme rdf:resource="&ns3;mdb/MDBRankSchemeData"/>
</rdf:Description>

<rdf:Description rdf:about="&ns3;mdb/shiptype-galjoot">
  <skos:inScheme rdf:resource="&ns3;mdb/MDBShipTypeSchemeData"/>
</rdf:Description>

<rdf:Description rdf:about="&ns3;mdb/rang-eerste_stuurman">
  <skos:inScheme rdf:resource="&ns3;mdb/MDBRankSchemeData"/>
</rdf:Description>

<rdf:Description rdf:about="&ns3;mdb/rang-onderstuurman">
  <skos:inScheme rdf:resource="&ns3;mdb/MDBRankSchemeData"/>
</rdf:Description>

<rdf:Description rdf:about="&ns3;mdb/shiptype-brigantijn">
  <skos:inScheme rdf:resource="&ns3;mdb/MDBShipTypeSchemeData"/>
</rdf:Description>

<rdf:Description rdf:about="&ns3;mdb/shiptype-brik">
  <skos:inScheme rdf:resource="&ns3;mdb/MDBShipTypeSchemeData"/>
</rdf:Description>

<rdf:Description rdf:about="&ns3;mdb/rang-kok-kajuitwachter">
  <skos:inScheme rdf:resource="&ns3;mdb/MDBRankSchemeData"/>
</rdf:Description>

<rdf:Description rdf:about="&ns3;mdb/rang-kajuitwachter-koksmaat">
  <skos:inScheme rdf:resource="&ns3;mdb/MDBRankSchemeData"/>
</rdf:Description>

<rdf:Description rdf:about="&ns3;mdb/rang-kok-timmerman">
  <skos:inScheme rdf:resource="&ns3;mdb/MDBRankSchemeData"/>
</rdf:Description>

<rdf:Description rdf:about="&ns3;mdb/rang-supercargo">
  <skos:inScheme rdf:resource="&ns3;mdb/MDBRankSchemeData"/>
</rdf:Description>

<rdf:Description rdf:about="&ns3;mdb/rang-derde_stuurman">
  <skos:inScheme rdf:resource="&ns3;mdb/MDBRankSchemeData"/>
</rdf:Description>

<rdf:Description rdf:about="&ns3;mdb/shiptype-gaffelschoener">
  <skos:inScheme rdf:resource="&ns3;mdb/MDBShipTypeSchemeData"/>
</rdf:Description>

<rdf:Description rdf:about="&ns3;mdb/rang-leerling">
  <skos:inScheme rdf:resource="&ns3;mdb/MDBRankSchemeData"/>
</rdf:Description>

<skos:ConceptScheme rdf:about="&ns3;mdb/MDBRankSchemeData">
  <rdfs:label>Noordelijke Monsterrollen Rangen Thesaurus Gegenereerd uit data</rdfs:label>
</skos:ConceptScheme>

<rdf:Description rdf:about="&ns3;mdb/rang-tweede_stuurman-baas_timmerman">
  <skos:inScheme rdf:resource="&ns3;mdb/MDBRankSchemeData"/>
</rdf:Description>

<rdf:Description rdf:about="&ns3;mdb/shiptype-schoeneraak">
  <skos:inScheme rdf:resource="&ns3;mdb/MDBShipTypeSchemeData"/>
</rdf:Description>

<rdf:Description rdf:about="&ns3;mdb/rang-stuurman-motordrijver">
  <skos:inScheme rdf:resource="&ns3;mdb/MDBRankSchemeData"/>
</rdf:Description>

<rdf:Description rdf:about="&ns3;mdb/rang-matroos">
  <skos:inScheme rdf:resource="&ns3;mdb/MDBRankSchemeData"/>
</rdf:Description>

<rdf:Description rdf:about="&ns3;mdb/shiptype-koftjalk">
  <skos:inScheme rdf:resource="&ns3;mdb/MDBShipTypeSchemeData"/>
</rdf:Description>

<rdf:Description rdf:about="&ns3;mdb/shiptype-smak">
  <skos:inScheme rdf:resource="&ns3;mdb/MDBShipTypeSchemeData"/>
</rdf:Description>

<rdf:Description rdf:about="&ns3;mdb/shiptype-galjas">
  <skos:inScheme rdf:resource="&ns3;mdb/MDBShipTypeSchemeData"/>
</rdf:Description>

<rdf:Description rdf:about="&ns3;mdb/rang-prijsmeester">
  <skos:inScheme rdf:resource="&ns3;mdb/MDBRankSchemeData"/>
</rdf:Description>

<rdf:Description rdf:about="&ns3;mdb/rang-kok_scheepsjongen">
  <skos:inScheme rdf:resource="&ns3;mdb/MDBRankSchemeData"/>
</rdf:Description>

<rdf:Description rdf:about="&ns3;mdb/rang-zetschipper">
  <skos:inScheme rdf:resource="&ns3;mdb/MDBRankSchemeData"/>
</rdf:Description>

<rdf:Description rdf:about="&ns3;mdb/rang-lichtmatroos-kok">
  <skos:inScheme rdf:resource="&ns3;mdb/MDBRankSchemeData"/>
</rdf:Description>

<rdf:Description rdf:about="&ns3;mdb/rang-kajuitwacher">
  <skos:inScheme rdf:resource="&ns3;mdb/MDBRankSchemeData"/>
</rdf:Description>

<rdf:Description rdf:about="&ns3;mdb/rang-lichtmatroos-timmerman">
  <skos:inScheme rdf:resource="&ns3;mdb/MDBRankSchemeData"/>
</rdf:Description>

<rdf:Description rdf:about="&ns3;mdb/rang-matroos-klamphouwer">
  <skos:inScheme rdf:resource="&ns3;mdb/MDBRankSchemeData"/>
</rdf:Description>

<rdf:Description rdf:about="&ns3;mdb/rang-kok_of_lichtmatroos">
  <skos:inScheme rdf:resource="&ns3;mdb/MDBRankSchemeData"/>
</rdf:Description>

<rdf:Description rdf:about="&ns3;mdb/rang-tweede_matroos">
  <skos:inScheme rdf:resource="&ns3;mdb/MDBRankSchemeData"/>
</rdf:Description>

<rdf:Description rdf:about="&ns3;mdb/rang-kapiteinsdochter">
  <skos:inScheme rdf:resource="&ns3;mdb/MDBRankSchemeData"/>
</rdf:Description>

<rdf:Description rdf:about="&ns3;mdb/rang-matroos_tweede_klasse">
  <skos:inScheme rdf:resource="&ns3;mdb/MDBRankSchemeData"/>
</rdf:Description>

</rdf:RDF>
