<?xml version='1.0' encoding='UTF-8'?>
<!DOCTYPE rdf:RDF [
    <!ENTITY rdf 'http://www.w3.org/1999/02/22-rdf-syntax-ns#'>
    <!ENTITY rdfs 'http://www.w3.org/2000/01/rdf-schema#'>
    <!ENTITY skos 'http://www.w3.org/2004/02/skos/core#'>
]>

<rdf:RDF
    xmlns:rdf="&rdf;"
    xmlns:rdfs="&rdfs;"
    xmlns:skos="&skos;"
>
<skos:Concept rdf:about="&ns3;mdb/thesaurus/linnenjuffrouw"
    skos:altLabel="linnenjuffrouw"
    skos:note="Van Dale's Groot Woordenboek der Nederlandse Taal"
    skos:prefLabel="linnenjuffrouw"
    skos:scopeNote="juffrouw belast met de zorg voro de linnenkamer">
  <skos:inScheme rdf:resource="&ns3;mdb/thesaurus/MDBRangenScheme"/>
</skos:Concept>

<skos:Concept rdf:about="&ns3;mdb/thesaurus/lampenist"
    skos:altLabel="lampenist"
    skos:note="Van Dale's Groot Woordenboek der Nederlandse Taal"
    skos:prefLabel="lampenist">
  <skos:inScheme rdf:resource="&ns3;mdb/thesaurus/MDBRangenScheme"/>
  <skos:scopeNote>iemand die de zorg voor de lampen heeft, ze moet aansteken enz.</skos:scopeNote>
</skos:Concept>

<skos:Concept rdf:about="&ns3;mdb/thesaurus/derde_machinist"
    skos:altLabel="3e machinist"
    skos:note="Van Dale's Groot Woordenboek der Nederlandse Taal"
    skos:prefLabel="derde machinist">
  <skos:inScheme rdf:resource="&ns3;mdb/thesaurus/MDBRangenScheme"/>
</skos:Concept>

<skos:Concept rdf:about="&ns3;mdb/thesaurus/donkeyman"
    skos:note="Van Dale's Groot Woordenboek der Nederlandse Taal"
    skos:prefLabel="donkeyman">
  <skos:altLabel>donkeyman</skos:altLabel>
  <skos:altLabel>donkeyman-stoker</skos:altLabel>
  <skos:altLabel>gezagvoerders echtgenoot</skos:altLabel>
  <skos:inScheme rdf:resource="&ns3;mdb/thesaurus/MDBRangenScheme"/>
  <skos:scopeNote>degene die met de bediening van de donkeys [= stoomlieren] belast is</skos:scopeNote>
</skos:Concept>

<skos:Concept rdf:about="&ns3;mdb/thesaurus/leerling"
    skos:altLabel="leerling"
    skos:note="Van Dale's Groot Woordenboek der Nederlandse Taal"
    skos:prefLabel="leerling"
    skos:scopeNote="iemand die zich in een of ander vak bekwaamt">
  <skos:inScheme rdf:resource="&ns3;mdb/thesaurus/MDBRangenScheme"/>
</skos:Concept>

<skos:Concept rdf:about="&ns3;mdb/thesaurus/tremmer"
    skos:altLabel="tremmer"
    skos:note="Van Dale's Groot Woordenboek der Nederlandse Taal"
    skos:prefLabel="tremmer">
  <skos:inScheme rdf:resource="&ns3;mdb/thesaurus/MDBRangenScheme"/>
  <skos:scopeNote>man die de steenkolen uit het ruim haalt en op de stookplaat brengt; arbeider die in het scheepsruim gestort graan e.d. uitspreidt</skos:scopeNote>
</skos:Concept>

<skos:Concept rdf:about="&ns3;mdb/thesaurus/Chinesen"
    skos:note="Van Dale's Groot Woordenboek der Nederlandse Taal"
    skos:prefLabel="Chinesen"
    skos:scopeNote="mensen van, uit China; iemand van het Chinese ras">
  <skos:altLabel>Chineesen</skos:altLabel>
  <skos:altLabel>Chinesen</skos:altLabel>
  <skos:inScheme rdf:resource="&ns3;mdb/thesaurus/MDBRangenScheme"/>
</skos:Concept>

<skos:Concept rdf:about="&ns3;mdb/thesaurus/vlaggenkapitein"
    skos:note="Van Dale's Groot Woordenboek der Nederlandse Taal"
    skos:prefLabel="vlaggenkapitein">
  <skos:altLabel>vlaggekapitein</skos:altLabel>
  <skos:altLabel>volmatroos</skos:altLabel>
  <skos:scopeNote>kapitein op het schip van een vlagofficier</skos:scopeNote>
  <skos:scopeNote>matroos die zijn functie geheel kan vervullen</skos:scopeNote>
  <skos:inScheme rdf:resource="&ns3;mdb/thesaurus/MDBRangenScheme"/>
</skos:Concept>

<skos:Concept rdf:about="&ns3;mdb/thesaurus/oudste"
    skos:altLabel="oudste"
    skos:note="Van Dale's Groot Woordenboek der Nederlandse Taal"
    skos:prefLabel="oudste">
  <skos:inScheme rdf:resource="&ns3;mdb/thesaurus/MDBRangenScheme"/>
  <skos:scopeNote>iemand die in een groep van personen de hoogste ouderdom in rang heeft</skos:scopeNote>
</skos:Concept>

<skos:Concept rdf:about="&ns3;mdb/thesaurus/reepschieter"
    skos:altLabel="reepschieter"
    skos:note="Van Dale's Groot Woordenboek der Nederlandse Taal"
    skos:prefLabel="reepschieter">
  <skos:inScheme rdf:resource="&ns3;mdb/thesaurus/MDBRangenScheme"/>
  <skos:scopeNote>jongen die de ingehaalde reep in geregelde bochten moet leggen</skos:scopeNote>
</skos:Concept>

<skos:Concept rdf:about="&ns3;mdb/thesaurus/schippersdochter"
    skos:altLabel="schippersdochter"
    skos:note="Van Dale's Groot Woordenboek der Nederlandse Taal"
    skos:prefLabel="schippersdochter"
    skos:scopeNote="dochter van een schipper">
  <skos:inScheme rdf:resource="&ns3;mdb/thesaurus/MDBRangenScheme"/>
</skos:Concept>

<skos:Concept rdf:about="&ns3;mdb/thesaurus/lichtmatroos"
    skos:note="Van Dale's Groot Woordenboek der Nederlandse Taal"
    skos:prefLabel="lichtmatroos"
    skos:scopeNote="nog niet vol(ledig), aankomend matroos">
  <skos:altLabel>lichtmatroos</skos:altLabel>
  <skos:altLabel>lichtmatroos-hofmeester</skos:altLabel>
  <skos:altLabel>lichtmatroos-kajuitwachter</skos:altLabel>
  <skos:altLabel>lichtmatroos-kok</skos:altLabel>
  <skos:altLabel>lichtmatroos-timmerman</skos:altLabel>
  <skos:altLabel>lichtmatroos-zeilmaker</skos:altLabel>
  <skos:altLabel>lierstoker</skos:altLabel>
  <skos:inScheme rdf:resource="&ns3;mdb/thesaurus/MDBRangenScheme"/>
</skos:Concept>

<skos:Concept rdf:about="&ns3;mdb/thesaurus/NULL"
    skos:altLabel="niet vermeld"
    skos:prefLabel="NULL">
  <skos:inScheme rdf:resource="&ns3;mdb/thesaurus/MDBRangenScheme"/>
</skos:Concept>

<skos:Concept rdf:about="&ns3;mdb/thesaurus/schippersvrouw"
    skos:altLabel="schippersvrouw"
    skos:note="Van Dale's Groot Woordenboek der Nederlandse Taal"
    skos:prefLabel="schippersvrouw"
    skos:scopeNote="vrouw van een schipper">
  <skos:inScheme rdf:resource="&ns3;mdb/thesaurus/MDBRangenScheme"/>
</skos:Concept>

<skos:Concept rdf:about="&ns3;mdb/thesaurus/tweede_stuurman"
    skos:note="Van Dale's Groot Woordenboek der Nederlandse Taal"
    skos:prefLabel="tweede stuurman"
    skos:scopeNote="tweede stuurman; in VOC-Opvarenden als onderstuurman">
  <skos:altLabel>2e stuurman</skos:altLabel>
  <skos:altLabel>2e stuurman-baas timmerman</skos:altLabel>
  <skos:altLabel>2e stuurman-bootsman</skos:altLabel>
  <skos:altLabel>2e stuurman-matroos</skos:altLabel>
  <skos:altLabel>onderstuurman</skos:altLabel>
  <skos:altLabel xml:lang="en">second mate</skos:altLabel>
  <skos:inScheme rdf:resource="&ns3;mdb/thesaurus/MDBRangenScheme"/>
</skos:Concept>

<skos:Concept rdf:about="&ns3;mdb/thesaurus/kapiteinsvrouw"
    skos:prefLabel="kapiteinsvrouw">
  <skos:altLabel>kapiteinsvrouw</skos:altLabel>
  <skos:altLabel>kapiteinszoon</skos:altLabel>
  <skos:inScheme rdf:resource="&ns3;mdb/thesaurus/MDBRangenScheme"/>
</skos:Concept>

<skos:Concept rdf:about="&ns3;mdb/thesaurus/klamphouder"
    skos:altLabel="klamphouwer"
    skos:note="Van Dale's Groot Woordenboek der Nederlandse Taal"
    skos:prefLabel="klamphouder">
  <skos:inScheme rdf:resource="&ns3;mdb/thesaurus/MDBRangenScheme"/>
  <skos:scopeNote>matroos die op een zeeschip waarop geen timmerman vaart, timmerwerk verricht</skos:scopeNote>
</skos:Concept>

<skos:Concept rdf:about="&ns3;mdb/thesaurus/vlaggenman"
    skos:altLabel="vlaggeman"
    skos:note="Van Dale's Groot Woordenboek der Nederlandse Taal"
    skos:prefLabel="vlaggenman">
  <skos:inScheme rdf:resource="&ns3;mdb/thesaurus/MDBRangenScheme"/>
  <skos:scopeNote>aanvoerder, leider, voorganger; man die signalen met een vlag geeft</skos:scopeNote>
</skos:Concept>

<skos:Concept rdf:about="&ns3;mdb/thesaurus/eerste_stuurman"
    skos:note="Van Dale's Groot Woordenboek der Nederlandse Taal"
    skos:prefLabel="eerste stuurman">
  <skos:altLabel>1e stuurman</skos:altLabel>
  <skos:altLabel xml:lang="en">first mate</skos:altLabel>
  <skos:inScheme rdf:resource="&ns3;mdb/thesaurus/MDBRangenScheme"/>
</skos:Concept>

<skos:Concept rdf:about="&ns3;mdb/thesaurus/schipper"
    skos:note="Van Dale's Groot Woordenboek der Nederlandse Taal"
    skos:prefLabel="schipper">
  <skos:altLabel>schipper</skos:altLabel>
  <skos:altLabel xml:lang="en">master</skos:altLabel>
  <skos:inScheme rdf:resource="&ns3;mdb/thesaurus/MDBRangenScheme"/>
  <skos:scopeNote>gezagvoerder van een schip (in de spreektaal alleen in toepassing op die van kleine schepen); (in 't bijzonder) iemand die de leiding over een binnenvaartuig heeft</skos:scopeNote>
</skos:Concept>

<skos:Concept rdf:about="&ns3;mdb/thesaurus/eerste_stoker"
    skos:altLabel="olieman"
    skos:note="Van Dale's Groot Woordenboek der Nederlandse Taal"
    skos:prefLabel="eerste stoker"
    skos:scopeNote="eerste stoker; machinesmeerder">
  <skos:inScheme rdf:resource="&ns3;mdb/thesaurus/MDBRangenScheme"/>
</skos:Concept>

<skos:Concept rdf:about="&ns3;mdb/thesaurus/timmerman"
    skos:note="Van Dale's Groot Woordenboek der Nederlandse Taal"
    skos:prefLabel="timmerman">
  <skos:altLabel>timmerman</skos:altLabel>
  <skos:altLabel>timmerman-lichtmatroos</skos:altLabel>
  <skos:altLabel>timmerman-matroos</skos:altLabel>
  <skos:altLabel>tolk</skos:altLabel>
  <skos:scopeNote>iemand die het timmeren als beroep uitoefent; iemand die … aan boord timmerwerk verricht</skos:scopeNote>
  <skos:scopeNote>iemand die t.b.v. personen die elkaar niet verstaan het gesprokenen … overbrengt van de ene taal in een andere; vertaler</skos:scopeNote>
  <skos:inScheme rdf:resource="&ns3;mdb/thesaurus/MDBRangenScheme"/>
</skos:Concept>

<skos:Concept rdf:about="&ns3;mdb/thesaurus/tweede_timmerman"
    skos:altLabel="ondertimmerman"
    skos:note="Van Dale's Groot Woordenboek der Nederlandse Taal"
    skos:prefLabel="tweede timmerman"
    skos:scopeNote="tweede timmerman; in VOC-Opvarenden als ondertimmerman">
  <skos:inScheme rdf:resource="&ns3;mdb/thesaurus/MDBRangenScheme"/>
</skos:Concept>

<skos:Concept rdf:about="&ns3;mdb/thesaurus/tweede_machinist"
    skos:altLabel="2e machinist"
    skos:note="Van Dale's Groot Woordenboek der Nederlandse Taal"
    skos:prefLabel="tweede machinist">
  <skos:inScheme rdf:resource="&ns3;mdb/thesaurus/MDBRangenScheme"/>
</skos:Concept>

<skos:Concept rdf:about="&ns3;mdb/thesaurus/leerling-machinist"
    skos:altLabel="leerling machinist"
    skos:note="Van Dale's Groot Woordenboek der Nederlandse Taal"
    skos:prefLabel="leerling-machinist"
    skos:scopeNote="iemand die zich in het vak van machinist bekwaamt">
  <skos:inScheme rdf:resource="&ns3;mdb/thesaurus/MDBRangenScheme"/>
</skos:Concept>

<skos:Concept rdf:about="&ns3;mdb/thesaurus/bootsman"
    skos:note="Van Dale's Groot Woordenboek der Nederlandse Taal"
    skos:prefLabel="bootsman">
  <skos:altLabel>bootsman</skos:altLabel>
  <skos:altLabel>bootsman-kok</skos:altLabel>
  <skos:altLabel>bootsman-matroos</skos:altLabel>
  <skos:inScheme rdf:resource="&ns3;mdb/thesaurus/MDBRangenScheme"/>
  <skos:scopeNote>de leider van het dekpersoneel van lagere rang, die ook de loon- en inventarisadministratie bijhoudt</skos:scopeNote>
</skos:Concept>

<skos:Concept rdf:about="&ns3;mdb/thesaurus/afloskapitein"
    skos:note="Van Dale's Groot Woordenboek der Nederlandse Taal"
    skos:prefLabel="afloskapitein">
  <skos:altLabel>afloskapitein</skos:altLabel>
  <skos:altLabel>assistent machinist</skos:altLabel>
  <skos:scopeNote>die een machinist onder diens leiding bij zijn werkzaamheden helpt</skos:scopeNote>
  <skos:scopeNote>vervangt de kapitein in zijn taak of werkzaamheid</skos:scopeNote>
  <skos:inScheme rdf:resource="&ns3;mdb/thesaurus/MDBRangenScheme"/>
</skos:Concept>

<skos:Concept rdf:about="&ns3;mdb/thesaurus/matroos"
    skos:prefLabel="matroos">
  <skos:altLabel>Matroos</skos:altLabel>
  <skos:altLabel>Matroosen</skos:altLabel>
  <skos:altLabel>Mattroos</skos:altLabel>
  <skos:altLabel>Mattroos / Moors mattroos</skos:altLabel>
  <skos:altLabel>Mattroos onder de vlag / Mattroos</skos:altLabel>
  <skos:altLabel>Mattroosen</skos:altLabel>
  <skos:altLabel>Mattroosen off gemene</skos:altLabel>
  <skos:altLabel>Mattrose</skos:altLabel>
  <skos:altLabel>Mattrosen</skos:altLabel>
  <skos:altLabel>Mooren</skos:altLabel>
  <skos:altLabel>Moors Mattroos</skos:altLabel>
  <skos:altLabel>Moors gem: mattroosen</skos:altLabel>
  <skos:altLabel>Moors matroos</skos:altLabel>
  <skos:altLabel>Moors matroos + Bengaals matroos</skos:altLabel>
  <skos:altLabel>Moors matroos; Toepas matroos</skos:altLabel>
  <skos:altLabel>Moors mattroos</skos:altLabel>
  <skos:altLabel>Moorsche mattroos</skos:altLabel>
  <skos:altLabel>Moorse en Portuguese Mattroosen</skos:altLabel>
  <skos:altLabel>Moorse mattroos</skos:altLabel>
  <skos:altLabel>Moorse zeevarende</skos:altLabel>
  <skos:altLabel>Niet</skos:altLabel>
  <skos:altLabel>Noordzeeloods</skos:altLabel>
  <skos:altLabel>Portugees matroos / Moors matroos</skos:altLabel>
  <skos:altLabel>Sarangs</skos:altLabel>
  <skos:altLabel>Toepaas matroos</skos:altLabel>
  <skos:altLabel>matroos</skos:altLabel>
  <skos:altLabel>matroos 2e kl.</skos:altLabel>
  <skos:altLabel>matroos-bootsman</skos:altLabel>
  <skos:altLabel>matroos-klamphouwer</skos:altLabel>
  <skos:altLabel>matroos-kok</skos:altLabel>
  <skos:altLabel>matroos-lampenist</skos:altLabel>
  <skos:altLabel>matroos-motordrijver</skos:altLabel>
  <skos:altLabel>matroos-timmerman</skos:altLabel>
  <skos:altLabel>matroos-zeilmaker</skos:altLabel>
  <skos:altLabel>matroose</skos:altLabel>
  <skos:altLabel>matroosen</skos:altLabel>
  <skos:altLabel>matrosen</skos:altLabel>
  <skos:altLabel>matt s</skos:altLabel>
  <skos:altLabel>mattroesen</skos:altLabel>
  <skos:altLabel>mattroos</skos:altLabel>
  <skos:altLabel>mattroosen</skos:altLabel>
  <skos:altLabel>mattroossen</skos:altLabel>
  <skos:altLabel>mattrosen</skos:altLabel>
  <skos:altLabel>moors gemeene matrosen</skos:altLabel>
  <skos:altLabel>moors matroosen</skos:altLabel>
  <skos:altLabel>moors mattroosen</skos:altLabel>
  <skos:altLabel>moorse gem mattroosen</skos:altLabel>
  <skos:altLabel>moorse gem mattrosen</skos:altLabel>
  <skos:altLabel>moorse gemeene matroosen</skos:altLabel>
  <skos:altLabel>moorse gemeene matrosen</skos:altLabel>
  <skos:altLabel>moorse gemeene mattroosen</skos:altLabel>
  <skos:altLabel>moorse gemeenen</skos:altLabel>
  <skos:altLabel>moorse matdroosen</skos:altLabel>
  <skos:altLabel>moorse matroesen</skos:altLabel>
  <skos:altLabel>moorse matroosen</skos:altLabel>
  <skos:altLabel>moorse matrosen</skos:altLabel>
  <skos:altLabel>moorse mattroesen</skos:altLabel>
  <skos:altLabel>moorse mattroosen</skos:altLabel>
  <skos:altLabel>moorse mattroossen</skos:altLabel>
  <skos:altLabel>moorse mattrosen</skos:altLabel>
  <skos:altLabel>moorse of inlandse mattroosen</skos:altLabel>
  <skos:altLabel>moorse zeevarende</skos:altLabel>
  <skos:altLabel>moorse zeevarende en artilleristen, als zarangs, tandels, matroosen</skos:altLabel>
  <skos:altLabel>moorse zeevarende waaronder 1 zarang en zijn maat</skos:altLabel>
  <skos:altLabel>moorse zeevarenden</skos:altLabel>
  <skos:altLabel>moorse zijde culteurs</skos:altLabel>
  <skos:altLabel>sarangsmaat</skos:altLabel>
  <skos:altLabel>slaaven</skos:altLabel>
  <skos:altLabel>so moorse als andere inl dienaren</skos:altLabel>
  <skos:altLabel>tandels</skos:altLabel>
  <skos:note>Van Dale's Groot Woordenboek der Nederlandse Taal</skos:note>
  <skos:note>http://www.historici.nl/Onderzoek/Projecten/VocGlossarium/vocoutp , geraadpleegd op 19-04-2013</skos:note>
  <skos:scopeNote></skos:scopeNote>
  <skos:scopeNote>gewoon schepeling, zeeman van de laagste rang: men onderscheidt thans matroos 3de, 2de en 1ste klas; licht matroos (ook aaneengeschreven), beginnend, aankomend matroos; vol matroos, die zijn functie geheel kan vervullen</skos:scopeNote>
  <skos:inScheme rdf:resource="&ns3;mdb/thesaurus/MDBRangenScheme"/>
</skos:Concept>

<skos:Concept rdf:about="&ns3;mdb/thesaurus/boekhouder"
    skos:altLabel="boekhouder"
    skos:note="Van Dale's Groot Woordenboek der Nederlandse Taal"
    skos:prefLabel="boekhouder">
  <skos:inScheme rdf:resource="&ns3;mdb/thesaurus/MDBRangenScheme"/>
  <skos:scopeNote>iemand wiens beroep het is voor een instelling boek te houden; bestuurder van een rederij die de gezamelijke rederis in en buiten rechte vertegenwoordigt en het beheer voert</skos:scopeNote>
</skos:Concept>

<skos:ConceptScheme rdf:about="&ns3;mdb/thesaurus/MDBRangenScheme"
    rdfs:label="Noordelijke Monsterrollen Rangen Thesaurus"/>

<skos:Concept rdf:about="&ns3;mdb/thesaurus/vrouw"
    skos:note="Van Dale's Groot Woordenboek der Nederlandse Taal"
    skos:prefLabel="vrouw"
    skos:scopeNote="vpvhvg">
  <skos:altLabel>vrouw</skos:altLabel>
  <skos:altLabel>z.l.matroos</skos:altLabel>
  <skos:inScheme rdf:resource="&ns3;mdb/thesaurus/MDBRangenScheme"/>
</skos:Concept>

<skos:Concept rdf:about="&ns3;mdb/thesaurus/eerste_machinist"
    skos:altLabel="1e machinist"
    skos:note="Van Dale's Groot Woordenboek der Nederlandse Taal"
    skos:prefLabel="eerste machinist">
  <skos:inScheme rdf:resource="&ns3;mdb/thesaurus/MDBRangenScheme"/>
</skos:Concept>

<skos:Concept rdf:about="&ns3;mdb/thesaurus/scheepsmaatje"
    skos:altLabel="scheepsmaat"
    skos:note="Van Dale's Groot Woordenboek der Nederlandse Taal"
    skos:prefLabel="scheepsmaatje"
    skos:scopeNote="jong matroos">
  <skos:inScheme rdf:resource="&ns3;mdb/thesaurus/MDBRangenScheme"/>
</skos:Concept>

<skos:Concept rdf:about="&ns3;mdb/thesaurus/kwartiermeester"
    skos:note="Van Dale's Groot Woordenboek der Nederlandse Taal"
    skos:prefLabel="kwartiermeester">
  <skos:altLabel>kwartiermeester</skos:altLabel>
  <skos:altLabel xml:lang="en">quartermaster</skos:altLabel>
  <skos:inScheme rdf:resource="&ns3;mdb/thesaurus/MDBRangenScheme"/>
  <skos:scopeNote>officier belast met de zorg voor de kwartieren en de intendance; korporaal van de dekdienst</skos:scopeNote>
</skos:Concept>

<skos:Concept rdf:about="&ns3;mdb/thesaurus/stoker"
    skos:note="Van Dale's Groot Woordenboek der Nederlandse Taal"
    skos:prefLabel="stoker">
  <skos:altLabel>stoker</skos:altLabel>
  <skos:altLabel>stoker-donkeyman</skos:altLabel>
  <skos:altLabel>stoker-lierbediende</skos:altLabel>
  <skos:altLabel>stoker-olieman</skos:altLabel>
  <skos:inScheme rdf:resource="&ns3;mdb/thesaurus/MDBRangenScheme"/>
  <skos:scopeNote>arbeider belast met het stoken van vuren of ovens (in 't bijzonder op … schepen)</skos:scopeNote>
</skos:Concept>

<skos:Concept rdf:about="&ns3;mdb/thesaurus/koksmaat"
    skos:note="Van Dale's Groot Woordenboek der Nederlandse Taal"
    skos:prefLabel="koksmaat">
  <skos:altLabel>kok-timmerman</skos:altLabel>
  <skos:altLabel>koksgast</skos:altLabel>
  <skos:altLabel>koksmaat</skos:altLabel>
  <skos:altLabel>koksmaat-kajuitwachter</skos:altLabel>
  <skos:altLabel xml:lang="en">galley boy</skos:altLabel>
  <skos:inScheme rdf:resource="&ns3;mdb/thesaurus/MDBRangenScheme"/>
  <skos:scopeNote>helper, bediende van de kok, m.n. op schepen; koksjongen, koksmaat</skos:scopeNote>
</skos:Concept>

<skos:Concept rdf:about="&ns3;mdb/thesaurus/scheepsjongen"
    skos:note="Van Dale's Groot Woordenboek der Nederlandse Taal"
    skos:prefLabel="scheepsjongen">
  <skos:altLabel>scheepsjongen</skos:altLabel>
  <skos:altLabel>scheepsjongen-kok</skos:altLabel>
  <skos:altLabel xml:lang="en">ship's boy</skos:altLabel>
  <skos:inScheme rdf:resource="&ns3;mdb/thesaurus/MDBRangenScheme"/>
  <skos:scopeNote>jongen die in de laagste rang en tevens als leerling op een schip dient; kajuitsjongen</skos:scopeNote>
</skos:Concept>

<skos:Concept rdf:about="&ns3;mdb/thesaurus/reder"
    skos:altLabel="reder"
    skos:note="Van Dale's Groot Woordenboek der Nederlandse Taal"
    skos:prefLabel="reder">
  <skos:inScheme rdf:resource="&ns3;mdb/thesaurus/MDBRangenScheme"/>
  <skos:scopeNote>iemand die een schip of schepen uitrust of helpt uitrusten en in de vaart brengt, deelgenoot in een scheepvaartonderneming; scheepsexploitant</skos:scopeNote>
</skos:Concept>

<skos:Concept rdf:about="&ns3;mdb/thesaurus/schipperszoon"
    skos:altLabel="schipperszoon"
    skos:note="Van Dale's Groot Woordenboek der Nederlandse Taal"
    skos:prefLabel="schipperszoon"
    skos:scopeNote="zoon van een schipper">
  <skos:inScheme rdf:resource="&ns3;mdb/thesaurus/MDBRangenScheme"/>
</skos:Concept>

<skos:Concept rdf:about="&ns3;mdb/thesaurus/supercarga"
    skos:note="Van Dale's Groot Woordenboek der Nederlandse Taal"
    skos:prefLabel="supercarga">
  <skos:altLabel>super carga</skos:altLabel>
  <skos:altLabel>supercargo</skos:altLabel>
  <skos:scopeNote>opzichter van een lading; titel voor de man die op een gehuurd schip door de huurder aan boord wordt geplaatst om toezicht te houden op stuwage, ventilatie enz. van de lading</skos:scopeNote>
  <skos:scopeNote>zie supercarga</skos:scopeNote>
  <skos:inScheme rdf:resource="&ns3;mdb/thesaurus/MDBRangenScheme"/>
</skos:Concept>

<skos:Concept rdf:about="&ns3;mdb/thesaurus/schippersknecht"
    skos:note="Van Dale's Groot Woordenboek der Nederlandse Taal"
    skos:prefLabel="schippersknecht">
  <skos:altLabel>schippersknecht</skos:altLabel>
  <skos:altLabel>schippersmaat</skos:altLabel>
  <skos:altLabel>schippersneef</skos:altLabel>
  <skos:scopeNote>knecht van een schipper</skos:scopeNote>
  <skos:scopeNote>neef van een schipper</skos:scopeNote>
  <skos:inScheme rdf:resource="&ns3;mdb/thesaurus/MDBRangenScheme"/>
</skos:Concept>

<skos:Concept rdf:about="&ns3;mdb/thesaurus/passagier"
    skos:altLabel="passagier"
    skos:note="Van Dale's Groot Woordenboek der Nederlandse Taal"
    skos:prefLabel="passagier"
    skos:scopeNote="reiziger per trein of tram, per vaar- of vliegtuig">
  <skos:inScheme rdf:resource="&ns3;mdb/thesaurus/MDBRangenScheme"/>
</skos:Concept>

<skos:Concept rdf:about="&ns3;mdb/thesaurus/secretaris"
    skos:altLabel="secretaris"
    skos:note="Van Dale's Groot Woordenboek der Nederlandse Taal"
    skos:prefLabel="secretaris">
  <skos:inScheme rdf:resource="&ns3;mdb/thesaurus/MDBRangenScheme"/>
  <skos:scopeNote>lid van een lichaam of bestuur, belast met het voeren of leiden van de correspondentie, het houden der notulen enz.; griffier</skos:scopeNote>
</skos:Concept>

<skos:Concept rdf:about="&ns3;mdb/thesaurus/prijsmeester"
    skos:altLabel="prijsmeester"
    skos:note="Van Dale's Groot Woordenboek der Nederlandse Taal"
    skos:prefLabel="prijsmeester"
    skos:scopeNote="opzichter van prijsgemaakte schepen">
  <skos:inScheme rdf:resource="&ns3;mdb/thesaurus/MDBRangenScheme"/>
</skos:Concept>

<skos:Concept rdf:about="&ns3;mdb/thesaurus/zeilmaker"
    skos:note="Van Dale's Groot Woordenboek der Nederlandse Taal"
    skos:prefLabel="zeilmaker">
  <skos:altLabel>Baliers</skos:altLabel>
  <skos:altLabel>Bengaalse matroossen</skos:altLabel>
  <skos:altLabel>zeilmaker</skos:altLabel>
  <skos:altLabel>zeilmaker-matroos</skos:altLabel>
  <skos:altLabel>zetschipper</skos:altLabel>
  <skos:altLabel>zware lichtmatroos</skos:altLabel>
  <skos:altLabel>zware matroos</skos:altLabel>
  <skos:scopeNote>ambachtsman die scheepszeilen vervaardigt</skos:scopeNote>
  <skos:scopeNote>iemand die tegen vast loon of tegen provisie voor rekening van een ander het beheer voert [= zetbaas] op een schip</skos:scopeNote>
  <skos:scopeNote>matrozen van, uit Bengalen</skos:scopeNote>
  <skos:scopeNote>mensen van, uit Balie</skos:scopeNote>
  <skos:scopeNote>volmatroos</skos:scopeNote>
  <skos:inScheme rdf:resource="&ns3;mdb/thesaurus/MDBRangenScheme"/>
</skos:Concept>

<skos:Concept rdf:about="&ns3;mdb/thesaurus/kapitein"
    skos:note="Van Dale's Groot Woordenboek der Nederlandse Taal"
    skos:prefLabel="kapitein"
    skos:scopeNote="scheepsgezagvoerder in 't alg.">
  <skos:altLabel>kapitein</skos:altLabel>
  <skos:altLabel>kapiteinreder</skos:altLabel>
  <skos:altLabel>kapiteinsdochter</skos:altLabel>
  <skos:altLabel>kapiteinsnicht</skos:altLabel>
  <skos:altLabel xml:lang="en">captain</skos:altLabel>
  <skos:inScheme rdf:resource="&ns3;mdb/thesaurus/MDBRangenScheme"/>
</skos:Concept>

<skos:Concept rdf:about="&ns3;mdb/thesaurus/bosschieter"
    skos:note="VOC-Opvarenden.nl"
    skos:prefLabel="bosschieter"
    skos:scopeNote="In VOC-Opvarenden ">
  <skos:altLabel>Bosschieter</skos:altLabel>
  <skos:altLabel xml:lang="en">able seaman (?)</skos:altLabel>
  <skos:inScheme rdf:resource="&ns3;mdb/thesaurus/MDBRangenScheme"/>
</skos:Concept>

<skos:Concept rdf:about="&ns3;mdb/thesaurus/stuurmansleerling"
    skos:altLabel="stuurmansleerling"
    skos:note="Van Dale's Groot Woordenboek der Nederlandse Taal"
    skos:prefLabel="stuurmansleerling"
    skos:scopeNote="jongen die tot stuurman opgeleid wordt">
  <skos:inScheme rdf:resource="&ns3;mdb/thesaurus/MDBRangenScheme"/>
</skos:Concept>

<skos:Concept rdf:about="&ns3;mdb/thesaurus/stewardess"
    skos:altLabel="stewardess"
    skos:note="Van Dale's Groot Woordenboek der Nederlandse Taal"
    skos:prefLabel="stewardess"
    skos:scopeNote="vrouwelijke steward [= hofmeester]; vrouwelijke hutbediende">
  <skos:inScheme rdf:resource="&ns3;mdb/thesaurus/MDBRangenScheme"/>
</skos:Concept>

<skos:Concept rdf:about="&ns3;mdb/thesaurus/patroon"
    skos:altLabel="patron"
    skos:note="Van Dale's Groot Woordenboek der Nederlandse Taal"
    skos:prefLabel="patroon">
  <skos:inScheme rdf:resource="&ns3;mdb/thesaurus/MDBRangenScheme"/>
  <skos:scopeNote>beschermer, m.n. toeziener ...; eigenaar van een bedrijf; hoofd, chef van een zaak; gezagvoerder van een vissersboot</skos:scopeNote>
</skos:Concept>

<skos:Concept rdf:about="&ns3;mdb/thesaurus/kwekeling"
    skos:altLabel="kwekeling"
    skos:note="Van Dale's Groot Woordenboek der Nederlandse Taal"
    skos:prefLabel="kwekeling">
  <skos:inScheme rdf:resource="&ns3;mdb/thesaurus/MDBRangenScheme"/>
  <skos:scopeNote>persoon die, meestal aan een inrichting, tot zeker vak opgeleid wordt</skos:scopeNote>
</skos:Concept>

<skos:Concept rdf:about="&ns3;mdb/thesaurus/bootsmansmaat"
    skos:prefLabel="bootsmansmaat">
  <skos:altLabel>bootsman-timmerman</skos:altLabel>
  <skos:altLabel>bootsman-zeilmaker</skos:altLabel>
  <skos:altLabel>bootsmansmaat</skos:altLabel>
  <skos:altLabel>dekjongen</skos:altLabel>
  <skos:altLabel>dekjongen-zeilmaker</skos:altLabel>
  <skos:altLabel>dekmaat</skos:altLabel>
  <skos:inScheme rdf:resource="&ns3;mdb/thesaurus/MDBRangenScheme"/>
  <skos:note>website vocopvarenden.nationaalarchief.nl, geraadpleegd op 25-04-2013</skos:note>
</skos:Concept>

<skos:Concept rdf:about="&ns3;mdb/thesaurus/eerste_timmerman"
    skos:altLabel="1e timmerman"
    skos:note="Van Dale's Groot Woordenboek der Nederlandse Taal"
    skos:prefLabel="eerste timmerman">
  <skos:inScheme rdf:resource="&ns3;mdb/thesaurus/MDBRangenScheme"/>
</skos:Concept>

<skos:Concept rdf:about="&ns3;mdb/thesaurus/machinist"
    skos:note="Van Dale's Groot Woordenboek der Nederlandse Taal"
    skos:prefLabel="machinist">
  <skos:altLabel>machinist</skos:altLabel>
  <skos:altLabel>machinist-stoker</skos:altLabel>
  <skos:inScheme rdf:resource="&ns3;mdb/thesaurus/MDBRangenScheme"/>
  <skos:scopeNote>persoon belast met het bedienen en het onderhoud van een stoommachine (op schepen thans meestal 'werktuigkundige'genoemd)</skos:scopeNote>
</skos:Concept>

<skos:Concept rdf:about="&ns3;mdb/thesaurus/zeeman"
    skos:altLabel="zeeman"
    skos:note="Van Dale's Groot Woordenboek der Nederlandse Taal"
    skos:prefLabel="zeeman"
    skos:scopeNote="iemand die voor zijn beroep op zee vaart">
  <skos:inScheme rdf:resource="&ns3;mdb/thesaurus/MDBRangenScheme"/>
</skos:Concept>

<skos:Concept rdf:about="&ns3;mdb/thesaurus/stuurman"
    skos:note="Van Dale's Groot Woordenboek der Nederlandse Taal"
    skos:prefLabel="stuurman">
  <skos:altLabel>stuurman</skos:altLabel>
  <skos:altLabel>stuurman-motordrijver</skos:altLabel>
  <skos:inScheme rdf:resource="&ns3;mdb/thesaurus/MDBRangenScheme"/>
  <skos:scopeNote>scheepsofficier die met het toezicht op het sturen, en in 't algemeen met het toezicht op en de zorg voor de navigatie is belast</skos:scopeNote>
</skos:Concept>

<skos:Concept rdf:about="&ns3;mdb/thesaurus/derde_stuurman"
    skos:note="Van Dale's Groot Woordenboek der Nederlandse Taal"
    skos:prefLabel="derde stuurman">
  <skos:altLabel>3e stuurman</skos:altLabel>
  <skos:altLabel xml:lang="en">third mate</skos:altLabel>
  <skos:inScheme rdf:resource="&ns3;mdb/thesaurus/MDBRangenScheme"/>
</skos:Concept>

<skos:Concept rdf:about="&ns3;mdb/thesaurus/bediende"
    skos:altLabel="bediende"
    skos:note="Van Dale's Groot Woordenboek der Nederlandse Taal"
    skos:prefLabel="bediende"
    skos:scopeNote="die in ondergeschikte betrekking werkzaam is">
  <skos:inScheme rdf:resource="&ns3;mdb/thesaurus/MDBRangenScheme"/>
</skos:Concept>

<skos:Concept rdf:about="&ns3;mdb/thesaurus/hofmeester"
    skos:note="Van Dale's Groot Woordenboek der Nederlandse Taal"
    skos:prefLabel="hofmeester">
  <skos:altLabel>hofmeester</skos:altLabel>
  <skos:altLabel>hofmeester-lichtmatroos</skos:altLabel>
  <skos:altLabel>hofmeesteres</skos:altLabel>
  <skos:altLabel>jongste</skos:altLabel>
  <skos:inScheme rdf:resource="&ns3;mdb/thesaurus/MDBRangenScheme"/>
  <skos:scopeNote>persoon belast met de zorg voor maaltijden en de bediening van het buffet; steward</skos:scopeNote>
</skos:Concept>

<skos:Concept rdf:about="&ns3;mdb/thesaurus/kajuitwachter"
    skos:note="Van Dale's Groot Woordenboek der Nederlandse Taal"
    skos:prefLabel="kajuitwachter"
    skos:scopeNote="oppasser van de kapitein; kajuitsjongen, kajuitjongen">
  <skos:altLabel>kajuitwachter</skos:altLabel>
  <skos:altLabel>kajuitwachter-koksmaat</skos:altLabel>
  <skos:inScheme rdf:resource="&ns3;mdb/thesaurus/MDBRangenScheme"/>
</skos:Concept>

<skos:Concept rdf:about="&ns3;mdb/thesaurus/afhouder"
    skos:altLabel="afhouder"
    skos:note="Van Dale's Groot Woordenboek der Nederlandse Taal"
    skos:prefLabel="afhouder">
  <skos:inScheme rdf:resource="&ns3;mdb/thesaurus/MDBRangenScheme"/>
  <skos:scopeNote>het jongste lid van de bemanning van een haringlogger, die helpt bij het inhalen van de reep</skos:scopeNote>
</skos:Concept>

<rdf:Description rdf:about="&ns3;mdb/thesaurus/kok_koksmaat"
    skos:note="Van Dale's Groot Woordenboek der Nederlandse Taal"
    skos:prefLabel="kok; koksmaat">
  <skos:altLabel>Cock; Cocksmaat</skos:altLabel>
  <skos:altLabel>Gemeene moorse</skos:altLabel>
  <skos:altLabel>Hooploper</skos:altLabel>
  <skos:altLabel>Inlander mattroos</skos:altLabel>
  <skos:altLabel>Inlanders</skos:altLabel>
  <skos:altLabel>Inlands Marinjo</skos:altLabel>
  <skos:altLabel>Inlands Marinjos</skos:altLabel>
  <skos:altLabel>Inlands marine</skos:altLabel>
  <skos:altLabel>Inlands matroos</skos:altLabel>
  <skos:altLabel>Inlands mattroos</skos:altLabel>
  <skos:altLabel>Inlandse kok</skos:altLabel>
  <skos:altLabel>Inlandse matroos</skos:altLabel>
  <skos:altLabel>Inlandse mattrosen</skos:altLabel>
  <skos:altLabel>Inlants / Moors matroos</skos:altLabel>
  <skos:altLabel>Inlants Mattroos</skos:altLabel>
  <skos:altLabel>Inlants matroos</skos:altLabel>
  <skos:altLabel>Inlants mattroos</skos:altLabel>
  <skos:altLabel>Javaanen</skos:altLabel>
  <skos:altLabel>Javaenen Zeevarende</skos:altLabel>
  <skos:altLabel>Javanen</skos:altLabel>
  <skos:altLabel>Jongen</skos:altLabel>
  <skos:altLabel>gem matroosen</skos:altLabel>
  <skos:altLabel>gem mattroosen</skos:altLabel>
  <skos:altLabel>gem mattrosen</skos:altLabel>
  <skos:altLabel>gem moorse mattroosen</skos:altLabel>
  <skos:altLabel>gem moorse mattrosen</skos:altLabel>
  <skos:altLabel>gem moorse zeevarende</skos:altLabel>
  <skos:altLabel>gem. mattroosen</skos:altLabel>
  <skos:altLabel>gem. moorse matrosen</skos:altLabel>
  <skos:altLabel>gem. moorse mattrosen</skos:altLabel>
  <skos:altLabel>gem: mattroosen</skos:altLabel>
  <skos:altLabel>gemeen mattroosen</skos:altLabel>
  <skos:altLabel>gemeene</skos:altLabel>
  <skos:altLabel>gemeene matroosen</skos:altLabel>
  <skos:altLabel>gemeene matt s</skos:altLabel>
  <skos:altLabel>gemeene mattroosen</skos:altLabel>
  <skos:altLabel>gemeene mattrosen</skos:altLabel>
  <skos:altLabel>gemeene mattrosen.</skos:altLabel>
  <skos:altLabel>gemeene mattrossen</skos:altLabel>
  <skos:altLabel>gemeene mooren mattroosen</skos:altLabel>
  <skos:altLabel>gemeene moorsche matrosen</skos:altLabel>
  <skos:altLabel>gemeene moorse matrosen</skos:altLabel>
  <skos:altLabel>gemeene moorse mattroosen</skos:altLabel>
  <skos:altLabel>gemeene moorse mattrosen</skos:altLabel>
  <skos:altLabel>gemeene moorse zeevarende</skos:altLabel>
  <skos:altLabel>gemeene moren</skos:altLabel>
  <skos:altLabel>gemeene of matroos</skos:altLabel>
  <skos:altLabel>gemeene of mattroosen</skos:altLabel>
  <skos:altLabel>gemeene off mattroosen</skos:altLabel>
  <skos:altLabel>gemeene zeevarende</skos:altLabel>
  <skos:altLabel>gemeenen</skos:altLabel>
  <skos:altLabel>gemeenen mattroossen</skos:altLabel>
  <skos:altLabel>gemeenen off mattroosen</skos:altLabel>
  <skos:altLabel>gemene</skos:altLabel>
  <skos:altLabel>gemene Moorse zeevarende</skos:altLabel>
  <skos:altLabel>gemene maats</skos:altLabel>
  <skos:altLabel>gemene matroosen</skos:altLabel>
  <skos:altLabel>gemene mattroosen</skos:altLabel>
  <skos:altLabel>gemene off mattroosen</skos:altLabel>
  <skos:altLabel>gemene personen</skos:altLabel>
  <skos:altLabel>inlanders</skos:altLabel>
  <skos:altLabel>inlandse matroosen</skos:altLabel>
  <skos:altLabel>inlandse mattroosen</skos:altLabel>
  <skos:altLabel>inlandse mattrosen</skos:altLabel>
  <skos:altLabel>inlandse zeevarende</skos:altLabel>
  <skos:altLabel>javaanen</skos:altLabel>
  <skos:scopeNote>Moors = van, eigen aan de Moren in Noord-Afrika en Spanje</skos:scopeNote>
  <skos:scopeNote>iemand die op een schip de spijzen bereidt, althans daar het toezicht op moet houden; helper, bediende van de kok, m.n. op schepen</skos:scopeNote>
  <skos:scopeNote>matrozen zonder enige rang</skos:scopeNote>
  <skos:scopeNote>personen zonder enige rang</skos:scopeNote>
  <skos:scopeNote>zeevarende zonder enige rang</skos:scopeNote>
  <skos:scopeNote>zonder enige rang</skos:scopeNote>
</rdf:Description>

<skos:Concept rdf:about="&ns3;mdb/thesaurus/kok"
    skos:note="Van Dale's Groot Woordenboek der Nederlandse Taal"
    skos:prefLabel="kok">
  <skos:altLabel>Kok</skos:altLabel>
  <skos:altLabel>Maleijsse tolk + Scherpregter</skos:altLabel>
  <skos:altLabel>Marinjo</skos:altLabel>
  <skos:altLabel>kok</skos:altLabel>
  <skos:altLabel>kok of lichtmatroos</skos:altLabel>
  <skos:altLabel>kok-hofmeester</skos:altLabel>
  <skos:altLabel>kok-kajuitwachter</skos:altLabel>
  <skos:altLabel>kok-lichtmatroos</skos:altLabel>
  <skos:altLabel>kok-matroos</skos:altLabel>
  <skos:altLabel>kok-scheepsjongen</skos:altLabel>
  <skos:altLabel>kok/scheepsjongen</skos:altLabel>
  <skos:altLabel>mat.s</skos:altLabel>
  <skos:altLabel xml:lang="en">cook</skos:altLabel>
  <skos:scopeNote>iemand die op een schip de spijzen bereidt, althans daar het toezicht op moet houden</skos:scopeNote>
  <skos:scopeNote>tolk van, uit Maleisië en beul</skos:scopeNote>
  <skos:inScheme rdf:resource="&ns3;mdb/thesaurus/MDBRangenScheme"/>
</skos:Concept>

</rdf:RDF>
