<?xml version='1.0' encoding='UTF-8'?>
<!DOCTYPE rdf:RDF [
    <!ENTITY dcterms 'http://purl.org/dc/terms/'>
    <!ENTITY foaf 'http://xmlns.com/foaf/0.1/'>
    <!ENTITY ns7 'http://purl.org/collections/nl/dss/mdb/'>
    <!ENTITY rdf 'http://www.w3.org/1999/02/22-rdf-syntax-ns#'>
    <!ENTITY rdfs 'http://www.w3.org/2000/01/rdf-schema#'>
    <!ENTITY skos 'http://www.w3.org/2004/02/skos/core#'>
]>

<rdf:RDF
    xmlns:dcterms="&dcterms;"
    xmlns:foaf="&foaf;"
    xmlns:ns7="&ns7;"
    xmlns:rdf="&rdf;"
    xmlns:rdfs="&rdfs;"
    xmlns:skos="&skos;"
>
<rdf:Property rdf:about="&ns3;mdb/persoon"
    rdfs:comment="relation to person"
    rdfs:label="persoon">
  <rdfs:domain rdf:resource="&ns3;mdb/PersoonsContract"/>
  <rdfs:range rdf:resource="&ns3;mdb/Persoon"/>
  <rdfs:subPropertyOf rdf:resource="&foaf;primaryTopic"/>
</rdf:Property>

<rdf:Property rdf:about="&ns3;mdb/thuishaven"
    rdfs:label="thuishaven">
  <rdfs:comment>Incidenteel vermeld, want registers en monsterrollen geven hier zelden informatie over. Koppeling aan geonames.org wenselijk.</rdfs:comment>
  <rdfs:range rdf:resource="&ns3;mdb/Plaats"/>
</rdf:Property>

<rdfs:Class rdf:about="&ns3;mdb/Rang"
    rdfs:label="Rang">
  <rdfs:subClassOf rdf:resource="&skos;Concept"/>
</rdfs:Class>

<rdfs:Class rdf:about="&ns3;mdb/Aanmonstering"
    rdfs:comment="Een aanmonsteringsrecord"
    rdfs:label="Aanmonstering">
  <rdfs:subClassOf rdf:resource="&ns3;mdb/Record"/>
</rdfs:Class>

<rdfs:Class rdf:about="&ns3;mdb/PersoonsContract"
    rdfs:comment="een persoonscontractrecord"
    rdfs:label="PersoonsContract">
  <rdfs:subClassOf rdf:resource="&ns3;mdb/Record"/>
</rdfs:Class>

<rdf:Property rdf:about="&ns3;mdb/ligplaats"
    rdfs:label="ligplaats">
  <rdfs:comment>Vertrekplaats van het schip voor de betreffende reis. De aanduiding kan in drie lagen, bv. 'Hamburg (Harburg) (D)' voor gemeente, deel van een gemeente (haven), land. Maar ook met de vermelding uit de bron, bv. 'Liverpool ('Leverpoel') (GB)'  als de plek bekend is, of gewoon ‘ 'Boekzelenfein' ‘als de plek onbekend is. Koppeling aan geonames.org wenselijk. In het Balticum zowel in moderne vorm als in oude Duitstalige vorm vermeld. Bij plaatsen met dezelfde naam in verschillende landen wordt de landcode afzonderlijk vermeld: bv. Bergen (N) (NL)</rdfs:comment>
  <rdfs:domain rdf:resource="&ns3;mdb/Aanmonstering"/>
  <rdfs:range rdf:resource="&ns3;mdb/Plaats"/>
</rdf:Property>

<rdf:Property rdf:about="&ns3;mdb/voornaam"
    rdfs:label="voornaam">
  <rdfs:comment>Voornaam van een bemanningslid. Afkortingen worden onveranderd overgenomen. Indien 'echte' achternaam wordt gegeven, geldt het patroniem als tweede voornaam. Varianten van een voornaam staan tussen haken. Onduidelijke namen staan geheel tussen haakjes, bij onleesbaarheid van de bron, bv. door brandschade, staan de onleesbare letters tussen vierkante haken. Geen standaardisering toegepast. </rdfs:comment>
  <rdfs:domain rdf:resource="&ns3;mdb/Persoon"/>
  <rdfs:range rdf:resource="&rdfs;Literal"/>
  <rdfs:subPropertyOf rdf:resource="&foaf;givenname"/>
</rdf:Property>

<rdfs:Class rdf:about="&ns3;mdb/ScheepsType"
    rdfs:label="ScheepsType">
  <rdfs:subClassOf rdf:resource="&skos;Concept"/>
</rdfs:Class>

<rdf:Property rdf:about="&ns3;mdb/has_aanmonstering"
    rdfs:comment="RDF link between person contract and aanmonstering"
    rdfs:label="has_aanmonstering">
  <rdfs:domain rdf:resource="&ns3;mdb/PersoonsContract"/>
</rdf:Property>

<rdfs:Class rdf:about="&ns3;mdb/Record"
    rdfs:label="Record"/>

<rdf:Property rdf:about="&ns3;mdb/rang"
    rdfs:label="rang">
  <rdfs:comment>Rangen in moderne spelling opgenomen. Niet-Nederlandse woorden onvertaald overgenomen, bv. 'donkeyman' in plaats van lierbediende. Veel combinaties van rangen.</rdfs:comment>
  <rdfs:domain rdf:resource="&ns3;mdb/PersoonsContract"/>
  <rdfs:range rdf:resource="&ns3;mdb/Rang"/>
</rdf:Property>

<rdf:Property rdf:about="&ns3;mdb/scheepsnaam"
    rdfs:label="scheepsnaam">
  <rdfs:comment>Naam van het schip dat de betreffende reis maakt. Gestandaardiseerd in zoverre dat prefixen als 'De' of 'Het' zijn geschrapt en getallen in letters zijn ingevoerd (bv. 'Twee Gebroeders' i.p.v. '2 Gebroeders'. </rdfs:comment>
  <rdfs:domain rdf:resource="&ns3;mdb/Schip"/>
  <rdfs:range rdf:resource="&rdfs;Literal"/>
</rdf:Property>

<rdf:Property rdf:about="&ns3;mdb/muntsoortInBron"
    rdfs:label="muntsoortInBron">
  <rdfs:comment>Vrijwel altijd is de maandgage bepaald in Nederlandse guldens, afgekort NFL. Andere muntsoorten zijn Engelse ponden (EP) en Duitse marken (DM). Maandgages in buitenlandse valuta zijn niet omgerekend naar Nederlandse guldens en niet opgenomen in de database.</rdfs:comment>
  <rdfs:domain rdf:resource="&ns3;mdb/PersoonsContract"/>
  <rdfs:range rdf:resource="&rdfs;Literal"/>
</rdf:Property>

<rdf:Property rdf:about="&ns3;mdb/inventarisnummer"
    rdfs:label="inventarisnummer">
  <rdfs:comment>Samen met het Bronid en de Bewaarplaats is het Inventarisnummer nodig om de oorspronkelijke bron terug te kunnen vinden, tenzij het bronid gekoppeld wordt aan de verwijzing op http://www.noordelijkscheepvaartmuseum.nl/nl/collectie-en-onderzoek/onderzoek/monsterrollen/bronnen . Indien er ook een toegangsnummer bestaat, is dat samen met het inventarisnummer in het veld Inventarisnummer vermeld: het toegangsnummer het eerst en voor een scheidingspunt, het inventarisnummer erna (bv. 004.1063).</rdfs:comment>
  <rdfs:range rdf:resource="&rdfs;Literal"/>
  <rdfs:subPropertyOf rdf:resource="&dcterms;identifier"/>
</rdf:Property>

<rdf:Property rdf:about="&ns3;mdb/grootte"
    rdfs:label="grootte">
  <rdfs:comment>Tonnage van het schip. Lasten zijn omgerekend naar tonnen via de formule 2 lasten =  1 ton. Voor de omrekening van kubieke meter naar 'zeeton' of registerton geldt 1 'zeeton' of registerton = 2,83 kubieke meter.</rdfs:comment>
  <rdfs:domain rdf:resource="&ns3;mdb/Aanmonstering"/>
  <rdfs:range rdf:resource="&rdfs;Literal"/>
</rdf:Property>

<rdfs:Class rdf:about="&ns3;mdb/Schip"
    rdfs:label="Schip"/>

<rdf:Property rdf:about="&ns3;mdb/orig_label"
    rdfs:comment=""
    rdfs:label="orig_label">
  <rdfs:domain rdf:resource="&ns3;mdb/Plaats"/>
  <rdfs:range rdf:resource="&rdfs;Literal"/>
  <rdfs:subPropertyOf rdf:resource="&rdfs;label"/>
</rdf:Property>

<rdf:Property rdf:about="&ns3;mdb/maatInBron"
    rdfs:label="maatInBron">
  <rdfs:comment>Deze veldnaam geeft de in de bron vermelde maten voor Nederlandse en buitenlandse schepen: o.a. bruto – en netto registertonnen, kubieke meters, lasten of 'tonnen'</rdfs:comment>
  <rdfs:domain rdf:resource="&ns3;mdb/Aanmonstering"/>
  <rdfs:range rdf:resource="&rdfs;Literal"/>
</rdf:Property>

<rdfs:Class rdf:about="&ns3;mdb/Plaats"
    rdfs:label="Plaats">
  <rdfs:subClassOf rdf:resource="&skos;Concept"/>
</rdfs:Class>

<rdf:Property rdf:about="&ns3;mdb/bronid"
    rdfs:label="bronid">
  <rdfs:comment>Door het bronid te koppelen met de onder Bewaarplaats en Inventarisnummer vermelde vindplaats en inventaris is de originele bron terug te vinden, of door het bronid te koppelen aan de verwijzing op http://www.noordelijkscheepvaartmuseum.nl/nl/collectie-en-onderzoek/onderzoek/monsterrollen/bronnen.</rdfs:comment>
  <rdfs:range rdf:resource="&rdfs;Literal"/>
  <rdfs:subPropertyOf rdf:resource="&dcterms;identifier"/>
</rdf:Property>

<rdf:Property rdf:about="&ns3;mdb/datum"
    rdfs:label="datum">
  <rdfs:comment>In monsterrollen geeft dit de datum van aan- of bijmonstering bij de waterschout aan, in registers wordt de betekenis zelden uitgelegd. Format  is YYYY-MM-DD. </rdfs:comment>
  <rdfs:range rdf:resource="&rdfs;Literal"/>
  <rdfs:subPropertyOf rdf:resource="&dcterms;date"/>
</rdf:Property>

<rdf:Property rdf:about="&ns3;mdb/leeftijd"
    rdfs:label="leeftijd">
  <rdfs:comment>Vermelding in gehele getallen. 'Bijna 16 jaren' geldt als 15. Bij onduidelijke verbeteringen in de bron, die dus multi-interpretabel zijn, of bij tegengestelde opgaven voor een specifieke persoon in een en dezelfde bron niet in de database opgenomen.</rdfs:comment>
  <rdfs:domain rdf:resource="&ns3;mdb/PersoonsContract"/>
  <rdfs:range rdf:resource="&rdfs;Literal"/>
  <rdfs:subPropertyOf rdf:resource="&foaf;age"/>
</rdf:Property>

<rdf:Property rdf:about="&ns3;mdb/achternaam"
    rdfs:label="achternaam">
  <rdfs:comment>Achternaam van een bemanningslid, met eventuele tussenvoegsels erachter: 'Van der Woude' wordt 'Woude, van der'. Afkortingen worden onveranderd overgenomen. Indien geen 'echte' achternaam wordt gegeven, geldt het patroniem als zodanig. Archaïsche postfixen van patroniemen zoals 'Hzn.' worden overgenomen en na de achternaam geplaatst, bv. als 'Oldenburger Hzn.' Varianten van een achternaam staan tussen haken. Onduidelijke namen staan geheel tussen haakjes, bij onleesbaarheid van de bron, bv. door brandschade, staan de onleesbare letters tussen vierkante haken. Geen standaardisering toegepast. </rdfs:comment>
  <rdfs:domain rdf:resource="&ns3;mdb/Persoon"/>
  <rdfs:range rdf:resource="&rdfs;Literal"/>
  <rdfs:subPropertyOf rdf:resource="&foaf;familyName"/>
</rdf:Property>

<rdf:Property rdf:about="&ns3;mdb/vertrekhaven"
    rdfs:label="vertrekhaven">
  <rdfs:comment>Incidenteel vermeld, want registers en monsterrollen geven hier zelden informatie over. Koppeling aan geonames.org wenselijk.</rdfs:comment>
  <rdfs:domain rdf:resource="&ns3;mdb/Aanmonstering"/>
  <rdfs:range rdf:resource="&ns3;mdb/Plaats"/>
</rdf:Property>

<rdf:Property rdf:about="&ns3;mdb/bewaarplaats"
    rdfs:label="bewaarplaats">
  <rdfs:comment>Vindplaats van de bron, in de volgorde gemeente (waar archief, museum of privé persoon zich bevindt) – naam van het archief, het museum of aangegeven als 'particulier bezit' – naam van de collectie.</rdfs:comment>
  <rdfs:range rdf:resource="&ns3;mdb/Bewaarplaats"/>
</rdf:Property>

<rdfs:Class rdf:about="&ns3;mdb/Persoon"
    rdfs:label="Persoon">
  <rdfs:subClassOf rdf:resource="&foaf;Person"/>
</rdfs:Class>

<rdf:Property rdf:about="&ns3;mdb/maandgage"
    rdfs:label="maandgage">
  <rdfs:comment>Alleen vermeld indien als maandgage opgegeven of daarnaar om te rekenen en indien vermeld in Nederlandse guldens. Gages per reis of met een bepaling dat de gage na een aantal maanden kan worden verhoogd of met opgave in buitenlandse valuta niet overgenomen. Vermeldingen in guldens-stuivers-centen omgerekend naar guldens en centen. Bij onduidelijke verbeteringen in de bron, die dus multi-interpretabel zijn, of bij tegengestelde opgaven voor een specifieke persoon in een en dezelfde bron niet in de database opgenomen.</rdfs:comment>
  <rdfs:domain rdf:resource="&ns3;mdb/PersoonsContract"/>
  <rdfs:range rdf:resource="&rdfs;Literal"/>
</rdf:Property>

<rdf:Property rdf:about="&ns3;mdb/id"
    rdfs:label="id">
  <rdfs:comment>Recordid, uniek in de database en bedoeld voor bv. mutaties of onderhoud van de database of voor queries.</rdfs:comment>
  <rdfs:range rdf:resource="&rdfs;Literal"/>
  <rdfs:subPropertyOf rdf:resource="&dcterms;identifier"/>
</rdf:Property>

<rdf:Property rdf:about="&ns3;mdb/schip"
    rdfs:comment="relation to ship"
    rdfs:label="schip">
  <rdfs:domain rdf:resource="&ns3;mdb/Aanmonstering"/>
  <rdfs:range rdf:resource="&ns3;mdb/Schip"/>
</rdf:Property>

<rdfs:Class rdf:about="&ns3;mdb/Bewaarplaats"
    rdfs:label="Bewaarplaats">
  <rdfs:subClassOf rdf:resource="&ns3;mdb/Plaats"/>
</rdfs:Class>

<rdf:Property rdf:about="&ns3;mdb/woonplaats"
    rdfs:label="woonplaats">
  <rdfs:comment>Woonplaats van een bemanningslid. De aanduiding kan in drie lagen, bv. 'Rotterdam (Delfshaven) (NL)' voor gemeente, deel van een gemeente (wijk of buurtschap), land. Maar ook met de vermelding uit de bron, bv. 'Liverpool ('Leverpoel') (GB)'  als de plek bekend is, of gewoon ‘ 'Boekzelenfein' ‘als de plek onbekend is. Koppeling aan geonames.org wenselijk. Rond 1900 veranderde de standaard monsterrol en werd iemand, behalve naar zijn domicilie, ook naar zijn geboorteplaats gevraagd. In de database is geprobeerd dat als volgt beiden weer te geven: 'eerst [geboorteplaats (landcode)], later [domicilie {landcode)]'. In het Balticum zowel in moderne vorm als in oude Duitstalige vorm vermeld. Bij plaatsen met dezelfde naam in verschillende landen wordt de landcode afzonderlijk vermeld: bv. 'Bergen (N) (NL)'. </rdfs:comment>
  <rdfs:domain rdf:resource="&ns3;mdb/Persoon"/>
  <rdfs:range rdf:resource="&ns3;mdb/Plaats"/>
  <rdfs:subPropertyOf rdf:resource="&foaf;based_near"/>
</rdf:Property>

<rdf:Property rdf:about="&ns3;mdb/bestemming"
    rdfs:label="bestemming">
  <rdfs:comment>Aankomstplaats van het schip aan het eind van de betreffende reis. Manier zoals bij Ligplaats. Koppeling aan geonames.org wenselijk</rdfs:comment>
  <rdfs:domain rdf:resource="&ns3;mdb/Aanmonstering"/>
  <rdfs:range rdf:resource="&ns3;mdb/Plaats"/>
</rdf:Property>

<rdf:Property rdf:about="&ns3;mdb/scheepstype"
    rdfs:label="scheepstype">
  <rdfs:comment>Scheepstype zoals in de bron vermeld. Indien monsterrol en register elkaar over dezelfde reis met een specifiek schip hierover tegenspreken staat er 'NULL ' in de database.</rdfs:comment>
  <rdfs:range rdf:resource="&ns3;mdb/ScheepsType"/>
</rdf:Property>

</rdf:RDF>
