<?xml version='1.0' encoding='UTF-8'?>
<!DOCTYPE rdf:RDF [
    <!ENTITY dcterms 'http://purl.org/dc/terms/'>
    <!ENTITY foaf 'http://xmlns.com/foaf/0.1/'>
    <!ENTITY rdf 'http://www.w3.org/1999/02/22-rdf-syntax-ns#'>
    <!ENTITY rdfs 'http://www.w3.org/2000/01/rdf-schema#'>
    <!ENTITY skos 'http://www.w3.org/2004/02/skos/core#'>
]>

<rdf:RDF
    xmlns:dcterms="&dcterms;"
    xmlns:foaf="&foaf;"
    xmlns:rdf="&rdf;"
    xmlns:rdfs="&rdfs;"
    xmlns:skos="&skos;"
>
<rdf:Property rdf:about="http://purl.org/collections/nl/dss/das/has_ship"
    rdfs:label="has ship">
  <rdfs:domain rdf:resource="http://purl.org/collections/nl/dss/das/Voyage"/>
  <rdfs:range rdf:resource="&rdfs;Literal"/>
</rdf:Property>

<rdfs:Class rdf:about="http://purl.org/collections/nl/dss/das/Place"
    rdfs:label="Place">
  <rdfs:subClassOf rdf:resource="&skos;Concept"/>
</rdfs:Class>

<rdf:Property rdf:about="http://purl.org/collections/nl/dss/das/tonnage"
    rdfs:label="tonnage">
  <rdfs:domain rdf:resource="http://purl.org/collections/nl/dss/das/Voyage"/>
  <rdfs:range rdf:resource="&rdfs;Literal"/>
</rdf:Property>

<rdfs:Class rdf:about="http://purl.org/collections/nl/dss/das/ShipType"
    rdfs:label="ShipType">
  <rdfs:subClassOf rdf:resource="&skos;Concept"/>
</rdfs:Class>

<rdfs:Class rdf:about="http://purl.org/collections/nl/dss/das/Chamber"
    rdfs:label="Chamber">
  <rdfs:subClassOf rdf:resource="&skos;Concept"/>
</rdfs:Class>

<rdf:Property rdf:about="http://purl.org/collections/nl/dss/das/dateOfDeparture"
    rdfs:label="dateOfDeparture">
  <rdfs:domain rdf:resource="http://purl.org/collections/nl/dss/das/Voyage"/>
  <rdfs:range rdf:resource="&rdfs;Literal"/>
  <rdfs:subPropertyOf rdf:resource="&dcterms;date"/>
</rdf:Property>

<rdf:Property rdf:about="http://purl.org/collections/nl/dss/das/departureFromCape"
    rdfs:label="departureFromCape">
  <rdfs:domain rdf:resource="http://purl.org/collections/nl/dss/das/Voyage"/>
  <rdfs:range rdf:resource="&rdfs;Literal"/>
  <rdfs:subPropertyOf rdf:resource="&dcterms;date"/>
</rdf:Property>

<rdf:Property rdf:about="http://purl.org/collections/nl/dss/das/placeOfArrival"
    rdfs:label="placeOfArrival">
  <rdfs:domain rdf:resource="http://purl.org/collections/nl/dss/das/Voyage"/>
  <rdfs:range rdf:resource="http://purl.org/collections/nl/dss/das/Place"/>
  <rdfs:subPropertyOf rdf:resource="&dcterms;spatial"/>
</rdf:Property>

<rdfs:Class rdf:about="http://purl.org/collections/nl/dss/das/Ship"
    rdfs:label="Ship"/>

<rdf:Property rdf:about="http://purl.org/collections/nl/dss/das/dateOfArrivalAtDestination"
    rdfs:label="dateOfArrivalAtDestination">
  <rdfs:domain rdf:resource="http://purl.org/collections/nl/dss/das/Voyage"/>
  <rdfs:range rdf:resource="&rdfs;Literal"/>
  <rdfs:subPropertyOf rdf:resource="&dcterms;date"/>
</rdf:Property>

<rdf:Property rdf:about="http://purl.org/collections/nl/dss/das/number"
    rdfs:label="number">
  <rdfs:domain rdf:resource="http://purl.org/collections/nl/dss/das/Voyage"/>
  <rdfs:range rdf:resource="&rdfs;Literal"/>
  <rdfs:subPropertyOf rdf:resource="&dcterms;identifier"/>
</rdf:Property>

<rdf:Property rdf:about="http://purl.org/collections/nl/dss/das/chamber"
    rdfs:label="chamber">
  <rdfs:domain rdf:resource="http://purl.org/collections/nl/dss/das/Voyage"/>
  <rdfs:range rdf:resource="http://purl.org/collections/nl/dss/das/Chamber"/>
</rdf:Property>

<rdf:Property rdf:about="http://purl.org/collections/nl/dss/das/particulars"
    rdfs:label="particulars">
  <rdfs:domain rdf:resource="http://purl.org/collections/nl/dss/das/Voyage"/>
  <rdfs:range rdf:resource="&rdfs;Literal"/>
  <rdfs:subPropertyOf rdf:resource="&dcterms;description"/>
</rdf:Property>

<rdfs:Class rdf:about="http://purl.org/collections/nl/dss/das/Voyage"
    rdfs:label="Voyage"/>

<rdf:Property rdf:about="http://purl.org/collections/nl/dss/das/master"
    rdfs:label="master">
  <rdfs:domain rdf:resource="http://purl.org/collections/nl/dss/das/Voyage"/>
  <rdfs:range rdf:resource="http://purl.org/collections/nl/dss/das/Person"/>
</rdf:Property>

<rdf:Property rdf:about="http://purl.org/collections/nl/dss/das/nameOfShip"
    rdfs:label="nameOfShip">
  <rdfs:domain rdf:resource="http://purl.org/collections/nl/dss/das/Voyage"/>
  <rdfs:range rdf:resource="&rdfs;Literal"/>
  <rdfs:subPropertyOf rdf:resource="&dcterms;title"/>
</rdf:Property>

<rdfs:Class rdf:about="http://purl.org/collections/nl/dss/das/Person"
    rdfs:label="Person">
  <rdfs:subClassOf rdf:resource="&foaf;Person"/>
</rdfs:Class>

<rdf:Property rdf:about="http://purl.org/collections/nl/dss/das/yard"
    rdfs:label="yard">
  <rdfs:domain rdf:resource="http://purl.org/collections/nl/dss/das/Voyage"/>
  <rdfs:range rdf:resource="&rdfs;Literal"/>
</rdf:Property>

<rdf:Property rdf:about="http://purl.org/collections/nl/dss/das/arrivalAtCape"
    rdfs:label="arrivalAtCape">
  <rdfs:domain rdf:resource="http://purl.org/collections/nl/dss/das/Voyage"/>
  <rdfs:range rdf:resource="&rdfs;Literal"/>
</rdf:Property>

<rdf:Property rdf:about="http://purl.org/collections/nl/dss/das/placeOfDeparture"
    rdfs:label="placeOfDeparture">
  <rdfs:domain rdf:resource="http://purl.org/collections/nl/dss/das/Voyage"/>
  <rdfs:range rdf:resource="http://purl.org/collections/nl/dss/das/Place"/>
  <rdfs:subPropertyOf rdf:resource="&dcterms;spatial"/>
</rdf:Property>

<rdf:Property rdf:about="http://purl.org/collections/nl/dss/das/typeOfShip"
    rdfs:label="typeOfShip">
  <rdfs:domain rdf:resource="&rdfs;Resource"/>
  <rdfs:range rdf:resource="http://purl.org/collections/nl/dss/das/ShipType"/>
  <rdfs:subPropertyOf rdf:resource="&dcterms;type"/>
</rdf:Property>

<rdf:Property rdf:about="http://purl.org/collections/nl/dss/das/built"
    rdfs:label="built">
  <rdfs:domain rdf:resource="http://purl.org/collections/nl/dss/das/Voyage"/>
  <rdfs:range rdf:resource="&rdfs;Literal"/>
</rdf:Property>

<rdf:Property rdf:about="http://purl.org/collections/nl/dss/das/name"
    rdfs:label="name">
  <rdfs:domain rdf:resource="http://purl.org/collections/nl/dss/das/Person"/>
  <rdfs:range rdf:resource="&rdfs;Literal"/>
  <rdfs:subPropertyOf rdf:resource="&foaf;name"/>
</rdf:Property>

<rdf:Property rdf:about="http://purl.org/collections/nl/dss/das/chamberForWhichCargoIsDestined"
    rdfs:label="chamberForWhichCargoIsDestined">
  <rdfs:domain rdf:resource="http://purl.org/collections/nl/dss/das/Voyage"/>
  <rdfs:range rdf:resource="&rdfs;Literal"/>
</rdf:Property>

</rdf:RDF>
