<?xml version='1.0' encoding='UTF-8'?>
<!DOCTYPE rdf:RDF [
    <!ENTITY dcterms 'http://purl.org/dc/terms/'>
    <!ENTITY foaf 'http://xmlns.com/foaf/0.1/'>
    <!ENTITY ns8 'http://purl.org/collections/nl/dss/vocopv/'>
    <!ENTITY rdf 'http://www.w3.org/1999/02/22-rdf-syntax-ns#'>
    <!ENTITY rdfs 'http://www.w3.org/2000/01/rdf-schema#'>
    <!ENTITY skos 'http://www.w3.org/2004/02/skos/core#'>
]>

<rdf:RDF
    xmlns:dcterms="&dcterms;"
    xmlns:foaf="&foaf;"
    xmlns:ns8="&ns8;"
    xmlns:rdf="&rdf;"
    xmlns:rdfs="&rdfs;"
    xmlns:skos="&skos;"
>
<rdf:Property rdf:about="&ns3;vocopv/vertrekKaap"
    rdfs:label="vertrekKaap">
  <rdfs:domain rdf:resource="&ns3;vocopv/SoldijRecord"/>
  <rdfs:range rdf:resource="&rdfs;Literal"/>
</rdf:Property>

<rdf:Property rdf:about="&ns3;vocopv/jaarUitreis"
    rdfs:label="jaarUitreis">
  <rdfs:domain rdf:resource="&ns3;vocopv/OpvarendenRecord"/>
  <rdfs:range rdf:resource="&rdfs;Literal"/>
</rdf:Property>

<rdf:Property rdf:about="&ns3;vocopv/echtePatroniem"
    rdfs:label="echtePatroniem">
  <rdfs:domain rdf:resource="&ns3;vocopv/OpvarendenRecord"/>
  <rdfs:range rdf:resource="&rdfs;Literal"/>
</rdf:Property>

<rdf:Property rdf:about="&ns3;vocopv/ID"
    rdfs:label="ID">
  <rdfs:comment>Recordid, uniek in de database en bedoeld voor bv. mutaties of onderhoud van de database of voor queries</rdfs:comment>
  <rdfs:comment>Recordid, uniek in de database en bedoeld voor bv. mutaties of onderhoud van de database of voor queries.</rdfs:comment>
  <rdfs:domain rdf:resource="&ns3;vocopv/BegunstigdenRecord"/>
  <rdfs:domain rdf:resource="&ns3;vocopv/OpvarendenRecord"/>
  <rdfs:domain rdf:resource="&ns3;vocopv/SoldijRecord"/>
  <rdfs:range rdf:resource="&rdfs;Literal"/>
  <rdfs:subPropertyOf rdf:resource="&dcterms;identifier"/>
</rdf:Property>

<rdf:Property rdf:about="&ns3;vocopv/vermaakt"
    rdfs:label="vermaakt">
  <rdfs:domain rdf:resource="&ns3;vocopv/OpvarendenRecord"/>
  <rdfs:range rdf:resource="&rdfs;Literal"/>
</rdf:Property>

<rdf:Property rdf:about="&ns3;vocopv/plaatsVertrek"
    rdfs:label="plaatsVertrek">
  <rdfs:domain rdf:resource="&ns3;vocopv/SoldijRecord"/>
  <rdfs:range rdf:resource="&rdfs;Literal"/>
</rdf:Property>

<rdf:Property rdf:about="&ns3;vocopv/has_herkomst"
    rdfs:label="has_herkomst">
  <rdfs:comment>Niet-gestandaardiseerde woonplaats van de begunstigde. Geen inbedding in GeoNames, geen gebruik van landcodes. Is herkomstplaats de woonplaats of ook soms de geboorteplaats?</rdfs:comment>
  <rdfs:domain rdf:resource="&ns3;vocopv/OpvarendenRecord"/>
  <rdfs:range rdf:resource="&ns3;vocopv/Plaats"/>
  <rdfs:subPropertyOf rdf:resource="&foaf;based_near"/>
</rdf:Property>

<rdf:Property rdf:about="&ns3;vocopv/sfLanguage"
    rdfs:label="sfLanguage">
  <rdfs:domain rdf:resource="&ns3;vocopv/OpvarendenRecord"/>
  <rdfs:range rdf:resource="&rdfs;Literal"/>
</rdf:Property>

<rdf:Property rdf:about="&ns3;vocopv/perHerkomst"
    rdfs:label="perHerkomst">
  <rdfs:comment>Niet-gestandaardiseerde woonplaats van de begunstigde. Geen inbedding in GeoNames, geen gebruik van landcodes</rdfs:comment>
  <rdfs:domain rdf:resource="&ns3;vocopv/BegunstigdenRecord"/>
  <rdfs:range rdf:resource="&rdfs;Literal"/>
  <rdfs:subPropertyOf rdf:resource="&foaf;based_near"/>
</rdf:Property>

<rdfs:Class rdf:about="&ns3;vocopv/SoldijRecord"
    rdfs:label="SoldijRecord"/>

<rdf:Property rdf:about="&ns3;vocopv/achternaam"
    rdfs:label="achternaam">
  <rdfs:domain rdf:resource="&ns3;vocopv/OpvarendenRecord"/>
  <rdfs:range rdf:resource="&rdfs;Literal"/>
  <rdfs:subPropertyOf rdf:resource="&foaf;familyname"/>
</rdf:Property>

<rdfs:Class rdf:about="&ns3;vocopv/Schip"
    rdfs:label="Schip"/>

<rdf:Property rdf:about="&ns3;vocopv/eindeElders"
    rdfs:label="eindeElders">
  <rdfs:domain rdf:resource="&ns3;vocopv/OpvarendenRecord"/>
  <rdfs:range rdf:resource="&rdfs;Literal"/>
</rdf:Property>

<rdf:Property rdf:about="&ns3;vocopv/perRol"
    rdfs:label="perRol">
  <rdfs:comment>Geeft de verhouding van de opvarende geldverdiener tot de begunstigde weer via enkele vaste categoriën. Voor rollen die daar buitenvallen: zie Per_Opmerkingen</rdfs:comment>
  <rdfs:domain rdf:resource="&ns3;vocopv/BegunstigdenRecord"/>
  <rdfs:range rdf:resource="&rdfs;Literal"/>
</rdf:Property>

<rdf:Property rdf:about="&ns3;vocopv/opmerkingen"
    rdfs:label="opmerkingen">
  <rdfs:domain rdf:resource="&ns3;vocopv/OpvarendenRecord"/>
  <rdfs:range rdf:resource="&rdfs;Literal"/>
</rdf:Property>

<rdf:Property rdf:about="&ns3;vocopv/has_tblSchipKaapDASURI"
    rdfs:label="has_tblSchipKaapDASURI">
  <rdfs:domain rdf:resource="&rdfs;Resource"/>
  <rdfs:range rdf:resource="&rdfs;Resource"/>
</rdf:Property>

<rdf:Property rdf:about="&ns3;vocopv/reisnummer"
    rdfs:label="reisnummer">
  <rdfs:domain rdf:resource="&ns3;vocopv/SoldijRecord"/>
  <rdfs:range rdf:resource="&rdfs;Literal"/>
</rdf:Property>

<rdf:Property rdf:about="&ns3;vocopv/tblSchipKaapDASNR"
    rdfs:label="tblSchipKaapDASNR">
  <rdfs:domain rdf:resource="&ns3;vocopv/OpvarendenRecord"/>
  <rdfs:range rdf:resource="&rdfs;Literal"/>
</rdf:Property>

<rdf:Property rdf:about="&ns3;vocopv/has_kamersVanDeVOC"
    rdfs:label="has_kamersVanDeVOC">
  <rdfs:domain rdf:resource="&rdfs;Resource"/>
  <rdfs:range rdf:resource="&rdfs;Resource"/>
</rdf:Property>

<rdf:Property rdf:about="&ns3;vocopv/field7"
    rdfs:label="field7">
  <rdfs:domain rdf:resource="&ns3;vocopv/SoldijRecord"/>
  <rdfs:range rdf:resource="&rdfs;Literal"/>
</rdf:Property>

<rdf:Property rdf:about="&ns3;vocopv/echteHerkomst"
    rdfs:label="echteHerkomst">
  <rdfs:comment>Niet-gestandaardiseerde woonplaats van de begunstigde. Geen inbedding in GeoNames, geen gebruik van landcodes. Is herkomstplaats de woonplaats of ook soms de geboorteplaats?</rdfs:comment>
  <rdfs:domain rdf:resource="&ns3;vocopv/OpvarendenRecord"/>
  <rdfs:range rdf:resource="&rdfs;Literal"/>
</rdf:Property>

<rdfs:Class rdf:about="&ns3;vocopv/BegunstigdenRecord"
    rdfs:label="BegunstigdenRecord"/>

<rdf:Property rdf:about="&ns3;vocopv/datumVertrek"
    rdfs:label="datumVertrek">
  <rdfs:domain rdf:resource="&ns3;vocopv/SoldijRecord"/>
  <rdfs:range rdf:resource="&rdfs;Literal"/>
</rdf:Property>

<rdf:Property rdf:about="&ns3;vocopv/kamer"
    rdfs:label="kamer">
  <rdfs:domain rdf:resource="&ns3;vocopv/OpvarendenRecord"/>
  <rdfs:range rdf:resource="&rdfs;Resource"/>
</rdf:Property>

<rdf:Property rdf:about="&ns3;vocopv/perUUID"
    rdfs:label="perUUID">
  <rdfs:domain rdf:resource="&ns3;vocopv/BegunstigdenRecord"/>
  <rdfs:range rdf:resource="&rdfs;Literal"/>
</rdf:Property>

<rdf:Property rdf:about="&ns3;vocopv/transportbrief"
    rdfs:label="transportbrief">
  <rdfs:domain rdf:resource="&ns3;vocopv/OpvarendenRecord"/>
  <rdfs:range rdf:resource="&rdfs;Literal"/>
</rdf:Property>

<rdf:Property rdf:about="&ns3;vocopv/has_persoon"
    rdfs:label="has_persoon">
  <rdfs:domain rdf:resource="&ns3;vocopv/BegunstigdenRecord"/>
  <rdfs:range rdf:resource="&rdfs;Resource"/>
</rdf:Property>

<rdfs:Class rdf:about="&ns3;vocopv/Rang"
    rdfs:label="VOC OPV Rang">
  <rdfs:subClassOf rdf:resource="&skos;Concept"/>
</rdfs:Class>

<rdf:Property rdf:about="&ns3;vocopv/has_dasuitreis"
    rdfs:label="has_dasuitreis">
  <rdfs:domain rdf:resource="&rdfs;Resource"/>
  <rdfs:range rdf:resource="&rdfs;Resource"/>
</rdf:Property>

<rdf:Property rdf:about="&ns3;vocopv/eindeManier"
    rdfs:label="eindeManier">
  <rdfs:domain rdf:resource="&ns3;vocopv/OpvarendenRecord"/>
  <rdfs:range rdf:resource="&rdfs;Literal"/>
</rdf:Property>

<rdf:Property rdf:about="&ns3;vocopv/eindePlaats"
    rdfs:label="eindePlaats">
  <rdfs:domain rdf:resource="&ns3;vocopv/OpvarendenRecord"/>
  <rdfs:range rdf:resource="&rdfs;Literal"/>
</rdf:Property>

<rdf:Property rdf:about="&ns3;vocopv/folio"
    rdfs:comment="Een integer, voor bronverwijzing"
    rdfs:label="folio">
  <rdfs:domain rdf:resource="&ns3;vocopv/OpvarendenRecord"/>
  <rdfs:range rdf:resource="&rdfs;Literal"/>
</rdf:Property>

<rdf:Property rdf:about="&ns3;vocopv/scheepsnamen"
    rdfs:label="scheepsnamen">
  <rdfs:domain rdf:resource="&ns3;vocopv/SoldijRecord"/>
  <rdfs:range rdf:resource="&rdfs;Literal"/>
</rdf:Property>

<rdfs:Class rdf:about="&ns3;vocopv/OpvarendenRecord"
    rdfs:label="OpvarendenRecord"/>

<rdf:Property rdf:about="&ns3;vocopv/perOpmerkingen"
    rdfs:label="perOpmerkingen">
  <rdfs:comment>Soms een kladveld voor restinformatie, soms een aanvulling op een ander veld, bv. op Per_Rol. Vaak letterlijk geciteerd uit de bron.</rdfs:comment>
  <rdfs:domain rdf:resource="&ns3;vocopv/BegunstigdenRecord"/>
  <rdfs:range rdf:resource="&rdfs;Literal"/>
</rdf:Property>

<rdf:Property rdf:about="&ns3;vocopv/INVENTARISNR"
    rdfs:label="INVENTARISNR">
  <rdfs:domain rdf:resource="&ns3;vocopv/OpvarendenRecord"/>
  <rdfs:range rdf:resource="&rdfs;Literal"/>
</rdf:Property>

<rdf:Property rdf:about="&ns3;vocopv/eindeAnders"
    rdfs:label="eindeAnders">
  <rdfs:domain rdf:resource="&ns3;vocopv/OpvarendenRecord"/>
  <rdfs:range rdf:resource="&rdfs;Literal"/>
</rdf:Property>

<rdf:Property rdf:about="&ns3;vocopv/rang"
    rdfs:label="rang">
  <rdfs:domain rdf:resource="&ns3;vocopv/OpvarendenRecord"/>
  <rdfs:range rdf:resource="&rdfs;Literal"/>
</rdf:Property>

<rdf:Property rdf:about="&ns3;vocopv/dasnummer"
    rdfs:label="dasnummer">
  <rdfs:domain rdf:resource="&ns3;vocopv/SoldijRecord"/>
  <rdfs:range rdf:resource="&rdfs;Literal"/>
</rdf:Property>

<rdf:Property rdf:about="&ns3;vocopv/has_naamschip"
    rdfs:label="has_naamschip">
  <rdfs:domain rdf:resource="&ns3;vocopv/OpvarendenRecord"/>
  <rdfs:range rdf:resource="&ns3;vocopv/Schip"/>
</rdf:Property>

<rdf:Property rdf:about="&ns3;vocopv/jaarVertrek"
    rdfs:comment="Geeft vermoedelijk een jaartal weer."
    rdfs:label="jaarVertrek">
  <rdfs:domain rdf:resource="&ns3;vocopv/SoldijRecord"/>
  <rdfs:range rdf:resource="&rdfs;Literal"/>
</rdf:Property>

<rdf:Property rdf:about="&ns3;vocopv/echteTussenvoegsel"
    rdfs:label="echteTussenvoegsel">
  <rdfs:domain rdf:resource="&ns3;vocopv/OpvarendenRecord"/>
  <rdfs:range rdf:resource="&rdfs;Literal"/>
</rdf:Property>

<rdf:Property rdf:about="&ns3;vocopv/voornaam"
    rdfs:comment="Niet-gestandaardiseerde voornaam van de opvarende"
    rdfs:label="voornaam">
  <rdfs:domain rdf:resource="&ns3;vocopv/OpvarendenRecord"/>
  <rdfs:range rdf:resource="&rdfs;Literal"/>
  <rdfs:subPropertyOf rdf:resource="&foaf;givenname"/>
</rdf:Property>

<rdf:Property rdf:about="&ns3;vocopv/tussenvoegsel"
    rdfs:label="tussenvoegsel">
  <rdfs:comment>Niet-gestandaardiseerd tussenvoegsel  tussen voor- en achternaam van de opvarende, horend bij de achternaam</rdfs:comment>
  <rdfs:domain rdf:resource="&ns3;vocopv/OpvarendenRecord"/>
  <rdfs:range rdf:resource="&rdfs;Literal"/>
  <rdfs:subPropertyOf rdf:resource="&foaf;familyname"/>
</rdf:Property>

<skos:ConceptScheme rdf:about="&ns3;vocopv/VOCOPVPlaceScheme"
    rdfs:label="VOC Opvarenden Place ConceptScheme"/>

<rdf:Property rdf:about="&ns3;vocopv/perPatronym"
    rdfs:comment="Niet-gestandaardiseerd patroniem van de begunstigde"
    rdfs:label="perPatronym">
  <rdfs:domain rdf:resource="&ns3;vocopv/BegunstigdenRecord"/>
  <rdfs:range rdf:resource="&rdfs;Literal"/>
  <rdfs:subPropertyOf rdf:resource="&foaf;familyname"/>
</rdf:Property>

<rdf:Property rdf:about="&ns3;vocopv/kamersVanDeVOC"
    rdfs:label="kamersVanDeVOC">
  <rdfs:comment>Geeft de naam van de Kamer van de VOC, waartoe het schip behoorde waarop betrokkene meevoer</rdfs:comment>
  <rdfs:domain rdf:resource="&ns3;vocopv/SoldijRecord"/>
  <rdfs:range rdf:resource="&rdfs;Literal"/>
</rdf:Property>

<rdf:Property rdf:about="&ns3;vocopv/eindeDatumMaand"
    rdfs:label="eindeDatumMaand">
  <rdfs:domain rdf:resource="&ns3;vocopv/OpvarendenRecord"/>
  <rdfs:range rdf:resource="&rdfs;Literal"/>
</rdf:Property>

<rdf:Property rdf:about="&ns3;vocopv/has_rang"
    rdfs:label="has_rang">
  <rdfs:domain rdf:resource="&ns3;vocopv/OpvarendenRecord"/>
  <rdfs:range rdf:resource="&rdfs;Resource"/>
</rdf:Property>

<rdf:Property rdf:about="&ns3;vocopv/dasuitreis"
    rdfs:label="dasuitreis">
  <rdfs:domain rdf:resource="&ns3;vocopv/OpvarendenRecord"/>
  <rdfs:range rdf:resource="&rdfs;Literal"/>
</rdf:Property>

<rdf:Property rdf:about="&ns3;vocopv/perVoornaam"
    rdfs:comment="Niet-gestandaardiseerde voornaam van de begunstigde"
    rdfs:label="perVoornaam">
  <rdfs:domain rdf:resource="&ns3;vocopv/BegunstigdenRecord"/>
  <rdfs:range rdf:resource="&rdfs;Literal"/>
  <rdfs:subPropertyOf rdf:resource="&foaf;givenname"/>
</rdf:Property>

<rdf:Property rdf:about="&ns3;vocopv/echteAchternaam"
    rdfs:label="echteAchternaam">
  <rdfs:domain rdf:resource="&ns3;vocopv/OpvarendenRecord"/>
  <rdfs:range rdf:resource="&rdfs;Literal"/>
</rdf:Property>

<rdf:Property rdf:about="&ns3;vocopv/vwPersoonSHOWDASNR"
    rdfs:label="vwPersoonSHOWDASNR">
  <rdfs:domain rdf:resource="&ns3;vocopv/OpvarendenRecord"/>
  <rdfs:range rdf:resource="&rdfs;Literal"/>
</rdf:Property>

<rdf:Property rdf:about="&ns3;vocopv/UUID"
    rdfs:comment="Unique Unified Identifier, oftewel unique id"
    rdfs:label="UUID">
  <rdfs:domain rdf:resource="&ns3;vocopv/SoldijRecord"/>
  <rdfs:range rdf:resource="&rdfs;Literal"/>
</rdf:Property>

<rdf:Property rdf:about="&ns3;vocopv/field8"
    rdfs:label="field8">
  <rdfs:domain rdf:resource="&ns3;vocopv/SoldijRecord"/>
  <rdfs:range rdf:resource="&rdfs;Literal"/>
</rdf:Property>

<rdf:Property rdf:about="&ns3;vocopv/has_soldijboek"
    rdfs:label="has_soldijboek">
  <rdfs:domain rdf:resource="&rdfs;Resource"/>
  <rdfs:range rdf:resource="&ns3;vocopv/SoldijRecord"/>
</rdf:Property>

<rdf:Property rdf:about="&ns3;vocopv/eindeDatumJaar"
    rdfs:label="eindeDatumJaar">
  <rdfs:domain rdf:resource="&ns3;vocopv/OpvarendenRecord"/>
  <rdfs:range rdf:resource="&rdfs;Literal"/>
</rdf:Property>

<rdf:Property rdf:about="&ns3;vocopv/echteVoornaam"
    rdfs:label="echteVoornaam">
  <rdfs:domain rdf:resource="&ns3;vocopv/OpvarendenRecord"/>
  <rdfs:range rdf:resource="&rdfs;Literal"/>
</rdf:Property>

<rdfs:Class rdf:about="&ns3;vocopv/Plaats"
    rdfs:label="Plaats">
  <rdfs:subClassOf rdf:resource="&skos;Concept"/>
</rdfs:Class>

<rdf:Property rdf:about="&ns3;vocopv/achternaamToev"
    rdfs:label="achternaamToev">
  <rdfs:comment>Hierin staat eventueel bv. de jonge of de oude, of een (adellijke) titel</rdfs:comment>
  <rdfs:domain rdf:resource="&ns3;vocopv/OpvarendenRecord"/>
  <rdfs:range rdf:resource="&rdfs;Literal"/>
  <rdfs:subPropertyOf rdf:resource="&foaf;familyname"/>
</rdf:Property>

<rdf:Property rdf:about="&ns3;vocopv/perAchternaam"
    rdfs:label="perAchternaam">
  <rdfs:comment>Niet-gestandaardiseerde achternaam van de begunstigde, zonder prefixen. De prefixen staan onder Per_Tussenvoegsel</rdfs:comment>
  <rdfs:domain rdf:resource="&ns3;vocopv/BegunstigdenRecord"/>
  <rdfs:range rdf:resource="&rdfs;Literal"/>
  <rdfs:subPropertyOf rdf:resource="&foaf;familyname"/>
</rdf:Property>

<rdf:Property rdf:about="&ns3;vocopv/has_vwPersoonDASURI"
    rdfs:label="has_vwPersoonDASURI">
  <rdfs:domain rdf:resource="&rdfs;Resource"/>
  <rdfs:range rdf:resource="&rdfs;Resource"/>
</rdf:Property>

<rdf:Property rdf:about="&ns3;vocopv/perTussenvoegsel"
    rdfs:comment="Niet-gestandaardiseerde voornaam van de begunstigde"
    rdfs:label="perTussenvoegsel">
  <rdfs:domain rdf:resource="&ns3;vocopv/BegunstigdenRecord"/>
  <rdfs:range rdf:resource="&rdfs;Literal"/>
  <rdfs:subPropertyOf rdf:resource="&foaf;familyname"/>
</rdf:Property>

<rdf:Property rdf:about="&ns3;vocopv/herkomst"
    rdfs:label="herkomst">
  <rdfs:domain rdf:resource="&ns3;vocopv/OpvarendenRecord"/>
  <rdfs:range rdf:resource="&rdfs;Literal"/>
</rdf:Property>

<rdf:Property rdf:about="&ns3;vocopv/eindeDatumDag"
    rdfs:label="eindeDatumDag">
  <rdfs:domain rdf:resource="&ns3;vocopv/OpvarendenRecord"/>
  <rdfs:range rdf:resource="&rdfs;Literal"/>
</rdf:Property>

<rdf:Property rdf:about="&ns3;vocopv/kaapopmerkingen"
    rdfs:label="kaapopmerkingen">
  <rdfs:domain rdf:resource="&ns3;vocopv/OpvarendenRecord"/>
  <rdfs:range rdf:resource="&rdfs;Literal"/>
</rdf:Property>

<rdf:Property rdf:about="&ns3;vocopv/has_opvarende"
    rdfs:label="has_opvarende">
  <rdfs:domain rdf:resource="&ns3;vocopv/SoldijRecord"/>
  <rdfs:range rdf:resource="&rdfs;Resource"/>
</rdf:Property>

<rdf:Property rdf:about="&ns3;vocopv/fkPersoon"
    rdfs:label="fkPersoon">
  <rdfs:comment>Lijkt op een uniek id. “Fk” staat voor “Foreign key” en legt een verbinding tussen bv. een specifieke opvarende en een specifieke begunstigde van een maandbrief.</rdfs:comment>
  <rdfs:domain rdf:resource="&ns3;vocopv/BegunstigdenRecord"/>
  <rdfs:range rdf:resource="&rdfs;Literal"/>
</rdf:Property>

<rdf:Property rdf:about="&ns3;vocopv/inventarisNummer"
    rdfs:label="inventarisNummer">
  <rdfs:domain rdf:resource="&ns3;vocopv/SoldijRecord"/>
  <rdfs:range rdf:resource="&rdfs;Literal"/>
</rdf:Property>

<skos:ConceptScheme rdf:about="&ns3;vocopv/VOCOPVRankScheme"
    rdfs:label="VOC Opvarenden Rank ConceptScheme"/>

<rdf:Property rdf:about="&ns3;vocopv/aankomstKaap"
    rdfs:label="aankomstKaap">
  <rdfs:domain rdf:resource="&ns3;vocopv/SoldijRecord"/>
  <rdfs:range rdf:resource="&rdfs;Literal"/>
</rdf:Property>

<rdf:Property rdf:about="&ns3;vocopv/soldijboek"
    rdfs:label="soldijboek">
  <rdfs:domain rdf:resource="&ns3;vocopv/OpvarendenRecord"/>
  <rdfs:range rdf:resource="&rdfs;Literal"/>
</rdf:Property>

<rdf:Property rdf:about="&ns3;vocopv/has_schip"
    rdfs:label="has_schip">
  <rdfs:domain rdf:resource="&ns3;vocopv/OpvarendenRecord"/>
  <rdfs:domain rdf:resource="&rdfs;Resource"/>
  <rdfs:comment>Geeft de scheepsnaam van het schip waarop betrokkene meevoer. Scheepsnaam meest zonder prefix, gestandaardiseerd en met getallen in letters. De spelling is gelijk aan die van DAS, met enkele uitzonderingen</rdfs:comment>
  <rdfs:range rdf:resource="&ns3;vocopv/Schip"/>
</rdf:Property>

<rdf:Property rdf:about="&ns3;vocopv/patroniem"
    rdfs:comment="Niet-gestandaardiseerd patroniem van de begunstigde"
    rdfs:label="patroniem">
  <rdfs:domain rdf:resource="&ns3;vocopv/OpvarendenRecord"/>
  <rdfs:range rdf:resource="&rdfs;Literal"/>
  <rdfs:subPropertyOf rdf:resource="&foaf;familyname"/>
</rdf:Property>

</rdf:RDF>
