<?xml version='1.0' encoding='UTF-8'?>
<!DOCTYPE rdf:RDF [
    <!ENTITY das 'http://purl.org/collections/nl/dss/das/'>
    <!ENTITY dss 'http://purl.org/collections/nl/dss/'>
    <!ENTITY foaf 'http://xmlns.com/foaf/0.1/'>
    <!ENTITY gzmvoc 'http://purl.org/collections/nl/dss/gzmvoc/'>
    <!ENTITY mdb 'http://purl.org/collections/nl/dss/mdb/'>
    <!ENTITY rdf 'http://www.w3.org/1999/02/22-rdf-syntax-ns#'>
    <!ENTITY rdfs 'http://www.w3.org/2000/01/rdf-schema#'>
    <!ENTITY skos 'http://www.w3.org/2004/02/skos/core#'>
    <!ENTITY vocopv 'http://purl.org/collections/nl/dss/vocopv/'>
]>

<rdf:RDF
    xmlns:das="&das;"
    xmlns:dss="&dss;"
    xmlns:foaf="&foaf;"
    xmlns:gzmvoc="&gzmvoc;"
    xmlns:mdb="&mdb;"
    xmlns:rdf="&rdf;"
    xmlns:rdfs="&rdfs;"
    xmlns:skos="&skos;"
    xmlns:vocopv="&vocopv;"
>
<rdfs:Class rdf:about="&dss;Record"
    rdfs:comment="The most general row type in DSS"
    rdfs:label="DSS Record"/>

<rdf:Description rdf:about="&dss;das/Person">
  <rdfs:subClassOf rdf:resource="&dss;Person"/>
</rdf:Description>

<rdf:Description rdf:about="&dss;das/Voyage">
  <rdfs:subClassOf rdf:resource="&dss;Record"/>
</rdf:Description>

<rdf:Description rdf:about="&dss;das/Chamber">
  <rdfs:subClassOf rdf:resource="&dss;Chamber"/>
</rdf:Description>

<rdf:Description rdf:about="&dss;das/Ship">
  <rdfs:subClassOf rdf:resource="&dss;Ship"/>
</rdf:Description>

<rdf:Description rdf:about="&dss;das/Place">
  <rdfs:subClassOf rdf:resource="&dss;Place"/>
</rdf:Description>

<rdf:Description rdf:about="&dss;das/ShipType">
  <rdfs:subClassOf rdf:resource="&dss;ShipType"/>
</rdf:Description>

<rdf:Description rdf:about="&dss;das/typeOfShip">
  <rdfs:subPropertyOf rdf:resource="&dss;has_shiptype"/>
</rdf:Description>

<rdf:Description rdf:about="&dss;mdb/Plaats">
  <rdfs:subClassOf rdf:resource="&dss;Place"/>
</rdf:Description>

<rdf:Description rdf:about="&dss;vocopv/BegunstigdenRecord">
  <rdfs:subClassOf rdf:resource="&dss;Record"/>
</rdf:Description>

<rdfs:Class rdf:about="&dss;Person"
    rdfs:label="Person">
  <rdfs:subClassOf rdf:resource="&foaf;Person"/>
</rdfs:Class>

<rdf:Description rdf:about="&dss;gzmvoc/Plaats">
  <rdfs:subClassOf rdf:resource="&dss;Place"/>
</rdf:Description>

<rdf:Description rdf:about="&dss;vocopv/OpvarendenRecord">
  <rdfs:subClassOf rdf:resource="&dss;Record"/>
</rdf:Description>

<rdf:Description rdf:about="&dss;mdb/Schip">
  <rdfs:subClassOf rdf:resource="&dss;Ship"/>
</rdf:Description>

<rdf:Description rdf:about="&dss;gzmvoc/ScheepsType">
  <rdfs:subClassOf rdf:resource="&dss;ShipType"/>
</rdf:Description>

<rdf:Description rdf:about="&dss;mdb/Rang">
  <rdfs:subClassOf rdf:resource="&dss;Rank"/>
</rdf:Description>

<rdfs:Class rdf:about="&dss;Ship"
    rdfs:label="Ship"/>

<rdf:Property rdf:about="&dss;has_shiptype"
    rdfs:label="has ship type"/>

<rdf:Property rdf:about="&dss;has_kb_link"
    rdfs:comment="related KB article"
    rdfs:label="has KB article"/>

<rdf:Description rdf:about="&dss;mdb/Persoon">
  <rdfs:subClassOf rdf:resource="&dss;Person"/>
</rdf:Description>

<rdfs:Class rdf:about="&dss;Place"
    rdfs:label="Place">
  <rdfs:subClassOf rdf:resource="&skos;Concept"/>
</rdfs:Class>

<rdf:Description rdf:about="&dss;vocopv/Rang">
  <rdfs:subClassOf rdf:resource="&dss;Rank"/>
</rdf:Description>

<rdfs:Class rdf:about="&dss;Chamber"
    rdfs:label="Chamber"/>

<rdf:Description rdf:about="&dss;mdb/ship">
  <rdfs:subPropertyOf rdf:resource="&dss;has_ship"/>
</rdf:Description>

<rdf:Description rdf:about="&dss;mdb/ScheepsType">
  <rdfs:subClassOf rdf:resource="&dss;ShipType"/>
</rdf:Description>

<rdf:Description rdf:about="&dss;mdb/Aanmonstering">
  <rdfs:subClassOf rdf:resource="&dss;Record"/>
</rdf:Description>

<rdf:Description rdf:about="&dss;vocopv/has_schip">
  <rdfs:subPropertyOf rdf:resource="&dss;has_ship"/>
</rdf:Description>

<rdf:Description rdf:about="&dss;das/has_schip">
  <rdfs:subPropertyOf rdf:resource="&dss;has_ship"/>
</rdf:Description>

<rdf:Property rdf:about="&dss;has_ship"
    rdfs:comment="link between a resource and a ship"
    rdfs:label="related to ship">
  <rdfs:range rdf:resource="&dss;Ship"/>
</rdf:Property>

<rdf:Description rdf:about="&dss;mdb/scheepstype">
  <rdfs:subPropertyOf rdf:resource="&dss;has_shiptype"/>
</rdf:Description>

<rdf:Description rdf:about="&dss;gzmvoc/Telling">
  <rdfs:subClassOf rdf:resource="&dss;Record"/>
</rdf:Description>

<rdf:Description rdf:about="&dss;gzmvoc/scheepstype">
  <rdfs:subPropertyOf rdf:resource="&dss;has_shiptype"/>
</rdf:Description>

<rdfs:Class rdf:about="&dss;Rank"
    rdfs:label="Rank">
  <rdfs:subClassOf rdf:resource="&skos;Concept"/>
</rdfs:Class>

<rdf:Description rdf:about="&dss;vocopv/Plaats">
  <rdfs:subClassOf rdf:resource="&dss;Place"/>
</rdf:Description>

<rdf:Description rdf:about="&dss;gzmvoc/schip">
  <rdfs:subPropertyOf rdf:resource="&dss;has_ship"/>
</rdf:Description>

<rdf:Description rdf:about="&dss;gzmvoc/Schip">
  <rdfs:subClassOf rdf:resource="&dss;Ship"/>
</rdf:Description>

<rdf:Description rdf:about="&dss;gzmvoc/Schipper">
  <rdfs:subClassOf rdf:resource="&dss;Person"/>
</rdf:Description>

<rdf:Description rdf:about="&dss;vocopv/Schip">
  <rdfs:subClassOf rdf:resource="&dss;Ship"/>
</rdf:Description>

<rdf:Description rdf:about="&dss;mdb/PersoonsContract">
  <rdfs:subClassOf rdf:resource="&dss;Record"/>
</rdf:Description>

<rdfs:Class rdf:about="&dss;ShipType"
    rdfs:label="ShipType">
  <rdfs:subClassOf rdf:resource="&skos;Concept"/>
</rdfs:Class>

</rdf:RDF>
