<?xml version='1.0' encoding='UTF-8'?>
<!DOCTYPE rdf:RDF [
    <!ENTITY das 'http://purl.org/collections/nl/dss/das/'>
    <!ENTITY dss 'http://purl.org/collections/nl/dss/'>
    <!ENTITY foaf 'http://xmlns.com/foaf/0.1/'>
    <!ENTITY gzmvoc 'http://purl.org/collections/nl/dss/gzmvoc/'>
    <!ENTITY mdb 'http://purl.org/collections/nl/dss/mdb/'>
    <!ENTITY ns1 'http://users.ugent.be/~tdenies/up/'>
    <!ENTITY owl 'http://www.w3.org/2002/07/owl#'>
    <!ENTITY prov 'http://www.w3.org/ns/prov#'>
    <!ENTITY rdf 'http://www.w3.org/1999/02/22-rdf-syntax-ns#'>
    <!ENTITY rdfs 'http://www.w3.org/2000/01/rdf-schema#'>
    <!ENTITY vocopv 'http://purl.org/collections/nl/dss/vocopv/'>
]>

<rdf:RDF
    xmlns:das="&das;"
    xmlns:dss="&dss;"
    xmlns:foaf="&foaf;"
    xmlns:gzmvoc="&gzmvoc;"
    xmlns:mdb="&mdb;"
    xmlns:ns1="&ns1;"
    xmlns:owl="&owl;"
    xmlns:prov="&prov;"
    xmlns:rdf="&rdf;"
    xmlns:rdfs="&rdfs;"
    xmlns:vocopv="&vocopv;"
>
<prov:Entity rdf:about="&dss;gzmvoc/gzmvoc_thes_gen_places.ttl">
  <prov:wasGeneratedBy>
    <prov:Activity
        rdfs:label="GZMVOC place thesaurus  generation">
      <prov:wasAssociatedWith rdf:resource="http://cliopatria.swi-prolog.org/"/>
      <prov:wasAssociatedWith rdf:resource="&dss;VictorDeBoer"/>
      <prov:used rdf:resource="&dss;gzmvoc/gzmvoc_data.ttl"/>
    </prov:Activity>
  </prov:wasGeneratedBy>
</prov:Entity>

<prov:Entity rdf:about="&dss;vocopv/vocopv_gen_thes.ttl">
  <prov:wasGeneratedBy>
    <prov:Activity
        rdfs:label="VOCOPV thesaurus consolidation">
      <prov:used rdf:resource="&dss;vocopv/vocopv_beg.ttl"/>
      <prov:used rdf:resource="&dss;vocopv/vocopv_opv.ttl"/>
      <prov:used rdf:resource="&dss;vocopv/vocopv_sol.ttl"/>
      <prov:wasAssociatedWith rdf:resource="http://cliopatria.swi-prolog.org/packs"/>
      <prov:wasAssociatedWith rdf:resource="&dss;VictorDeBoer"/>
    </prov:Activity>
  </prov:wasGeneratedBy>
</prov:Entity>

<prov:Agent rdf:about="&dss;AndreaBravoBalado"
    rdfs:label="Andrea Bravo Balado">
  <rdf:type rdf:resource="&foaf;Person"/>
  <foaf:pastProject rdf:resource="http://dutchshipsandsailors.nl"/>
</prov:Agent>

<prov:Entity rdf:about="https://github.com/biktorrr/dss/blob/master/sources/Database%20Zeemonsterrollen%20Schepenlijst%20-%20publieke%20versie%201.0%20-%20Van%20Rossum%20-%202014.xlsx">
  <rdfs:label>Generale Zeemonsterrollen VOC in Excel, origineel van Matthias van Rossum</rdfs:label>
  <prov:wasAttributedTo rdf:resource="&dss;MatthiasVanRossum"/>
</prov:Entity>

<prov:Entity rdf:about="&dss;vocopv/vocopv_sol.ttl.gz">
  <prov:wasGeneratedBy>
    <prov:Activity
        rdfs:label="VOCOPV Soldijboekens data conversion">
      <prov:wasAssociatedWith rdf:resource="http://cliopatria.swi-prolog.org/packs/xmlrdf"/>
      <prov:wasAssociatedWith rdf:resource="&dss;VictorDeBoer"/>
      <prov:used rdf:resource="http://persistent-identifier.nl/urn:nbn:nl:ui:13-pul9-xg"/>
    </prov:Activity>
  </prov:wasGeneratedBy>
</prov:Entity>

<prov:Agent rdf:about="&dss;MatthiasVanRossum"
    rdfs:label="Matthias van Rossum">
  <rdf:type rdf:resource="&foaf;Person"/>
  <foaf:pastProject rdf:resource="http://dutchshipsandsailors.nl"/>
</prov:Agent>

<prov:Entity rdf:about="&dss;mdb/mdb_ship_sameas.ttl"
    ns1:contentConfidence="0.74">
  <prov:wasGeneratedBy>
    <prov:Activity
        rdfs:label="Automatic sameAs identification in MDB (Robin)">
      <prov:wasAssociatedWith>
        <prov:SoftwareAgent
            rdfs:label="Robin's ship identification matching algorithm"/>
      </prov:wasAssociatedWith>
      <prov:wasAssociatedWith rdf:resource="&dss;RobinPonstein"/>
      <prov:wasAssociatedWith rdf:resource="&dss;VictorDeBoer"/>
      <prov:used rdf:resource="&dss;mdb/mdb_data.ttl"/>
    </prov:Activity>
  </prov:wasGeneratedBy>
</prov:Entity>

<prov:Agent rdf:about="&dss;VictorDeBoer"
    rdfs:label="Victor de Boer">
  <rdf:type rdf:resource="&foaf;Person"/>
  <owl:sameAs rdf:resource="http://www.few.vu.nl/~vbr240/foaf.rdf"/>
  <foaf:pastProject rdf:resource="http://dutchshipsandsailors.nl"/>
</prov:Agent>

<prov:Entity rdf:about="http://persistent-identifier.nl/urn:nbn:nl:ui:13-pul9-xg"
    rdfs:label="VOC Opvarenden">
  <prov:wasAttributedTo>
    <prov:Agent
        rdfs:label="Nationaal Archief"/>
  </prov:wasAttributedTo>
</prov:Entity>

<prov:Entity rdf:about="&dss;mdb/mdb_schema.ttl">
  <prov:wasGeneratedBy>
    <prov:Activity
        rdfs:label="MDB schema generation">
      <prov:wasAssociatedWith rdf:resource="http://cliopatria.swi-prolog.org/"/>
      <prov:wasAssociatedWith rdf:resource="&dss;VictorDeBoer"/>
      <prov:used rdf:resource="&dss;mdb/mdb_data.ttl"/>
    </prov:Activity>
  </prov:wasGeneratedBy>
</prov:Entity>

<prov:Agent rdf:about="&dss;RobinPonstein"
    rdfs:label="Robin Ponstein">
  <rdf:type rdf:resource="&foaf;Person"/>
  <foaf:pastProject rdf:resource="http://dutchshipsandsailors.nl"/>
</prov:Agent>

<prov:Entity rdf:about="&dss;mdb/mdb_data.ttl.gz">
  <prov:wasGeneratedBy>
    <prov:Activity
        rdfs:label="MDB data conversion">
      <prov:wasAssociatedWith rdf:resource="http://cliopatria.swi-prolog.org/packs/xmlrdf"/>
      <prov:wasAssociatedWith rdf:resource="&dss;VictorDeBoer"/>
      <prov:used rdf:resource="https://github.com/biktorrr/dss/tree/master/xml/monsterrollen"/>
    </prov:Activity>
  </prov:wasGeneratedBy>
</prov:Entity>

<prov:Entity rdf:about="https://github.com/biktorrr/dss/tree/master/xml/monsterrollen"
    rdfs:label="Noordelijke Monsterrollen by J. Leinenga">
  <prov:wasAttributedTo rdf:resource="&dss;JurLeinenga"/>
  <prov:wasGeneratedBy>
    <prov:Activity
        rdfs:label="MDB conversion to XML from SQL dump">
      <prov:used>
        <prov:Entity
            rdfs:label="Original SQL dump by J. Leinenga">
          <prov:wasAttributedTo rdf:resource="&dss;JurLeinenga"/>
        </prov:Entity>
      </prov:used>
      <prov:wasAssociatedWith rdf:resource="&dss;VictorDeBoer"/>
    </prov:Activity>
  </prov:wasGeneratedBy>
</prov:Entity>

<prov:Entity rdf:about="&dss;vocopv/vocopv_opv.ttl.gz">
  <prov:wasGeneratedBy>
    <prov:Activity
        rdfs:label="VOCOPV  Begunstigden data conversion">
      <prov:wasAssociatedWith rdf:resource="http://cliopatria.swi-prolog.org/packs/xmlrdf"/>
      <prov:wasAssociatedWith rdf:resource="&dss;VictorDeBoer"/>
      <prov:used rdf:resource="http://persistent-identifier.nl/urn:nbn:nl:ui:13-pul9-xg"/>
    </prov:Activity>
  </prov:wasGeneratedBy>
</prov:Entity>

<prov:Entity rdf:about="&dss;mdb/mdb_2_kb.ttl"
    ns1:contentConfidence="0.9">
  <prov:wasGeneratedBy>
    <prov:Activity
        rdfs:label="Automatic linking MDB to KB by Andrea">
      <prov:wasAssociatedWith rdf:resource="&dss;AndreaBravoBalado"/>
      <prov:wasAssociatedWith rdf:resource="&dss;VictorDeBoer"/>
      <prov:wasAssociatedWith rdf:resource="https://bitbucket.org/andreacbravob/master-project/overview"/>
      <prov:used rdf:resource="&dss;mdb/mdb_data.ttl"/>
    </prov:Activity>
  </prov:wasGeneratedBy>
</prov:Entity>

<prov:Entity rdf:about="&dss;mdb/mdb_thes_rangen.ttl">
  <prov:wasGeneratedBy>
    <prov:Activity
        rdfs:label="MDB rank thesaurus consolidation">
      <prov:wasAssociatedWith rdf:resource="http://cliopatria.swi-prolog.org/"/>
      <prov:wasAssociatedWith rdf:resource="&dss;JurLeinenga"/>
      <prov:wasAssociatedWith rdf:resource="&dss;VictorDeBoer"/>
      <prov:used rdf:resource="&dss;mdb/mdb_data.ttl"/>
    </prov:Activity>
  </prov:wasGeneratedBy>
</prov:Entity>

<prov:Entity rdf:about="&dss;dss_schema.ttl">
  <prov:wasGeneratedBy>
    <prov:Activity
        rdfs:label="DSS Schema generation (manual)">
      <prov:used rdf:resource="&dss;das/das_schema.ttl"/>
      <prov:used rdf:resource="&dss;gzmvoc/gzmvoc_schema.ttl"/>
      <prov:used rdf:resource="&dss;mdb/mdb_schema.ttl"/>
      <prov:used rdf:resource="&dss;vocopv/vocopv_schema.ttl"/>
      <prov:wasAssociatedWith rdf:resource="http://cliopatria.swi-prolog.org/"/>
      <prov:wasAssociatedWith rdf:resource="&dss;VictorDeBoer"/>
    </prov:Activity>
  </prov:wasGeneratedBy>
</prov:Entity>

<prov:SoftwareAgent rdf:about="http://cliopatria.swi-prolog.org/packs/amalgame"
    rdfs:label="Amalgame alignment platform"/>

<prov:SoftwareAgent rdf:about="http://cliopatria.swi-prolog.org/"
    rdfs:label="ClioPatria"/>

<prov:Entity rdf:about="&dss;gzmvoc/gzmvoc_thes_gen.ttl">
  <prov:wasGeneratedBy>
    <prov:Activity
        rdfs:label="GZMVOC thesaurus generation">
      <prov:wasAssociatedWith rdf:resource="http://cliopatria.swi-prolog.org/"/>
      <prov:wasAssociatedWith rdf:resource="&dss;VictorDeBoer"/>
      <prov:used rdf:resource="&dss;gzmvoc/gzmvoc_data.ttl"/>
    </prov:Activity>
  </prov:wasGeneratedBy>
</prov:Entity>

<prov:Entity rdf:about="&dss;vocopv/vocopv_2_das.ttl.gz">
  <prov:wasGeneratedBy>
    <prov:Activity
        rdfs:label="Automatic linking of VOCOPV to DAS ">
      <prov:wasAssociatedWith rdf:resource="http://cliopatria.swi-prolog.org/"/>
      <prov:wasAssociatedWith rdf:resource="&dss;VictorDeBoer"/>
    </prov:Activity>
  </prov:wasGeneratedBy>
</prov:Entity>

<prov:Entity rdf:about="&dss;mdb/ranks_and_shiptypes_1.ttl"
    ns1:contentConfidence="0.8">
  <prov:wasGeneratedBy>
    <prov:Activity
        rdfs:label="Automatic linking of DSS ranks and shiptypes ">
      <prov:used rdf:resource="&dss;das/das_data.ttl"/>
      <prov:used rdf:resource="&dss;gzmvoc/gzmvoc_data.ttl"/>
      <prov:used rdf:resource="&dss;mdb/mdb_data.ttl"/>
      <prov:used rdf:resource="&dss;vocopv/vocopv_beg.ttl"/>
      <prov:used rdf:resource="&dss;vocopv/vocopv_opv.ttl"/>
      <prov:used rdf:resource="&dss;vocopv/vocopv_sol.ttl"/>
      <prov:wasAssociatedWith rdf:resource="http://cliopatria.swi-prolog.org/packs/amalgame"/>
      <prov:wasAssociatedWith rdf:resource="&dss;VictorDeBoer"/>
    </prov:Activity>
  </prov:wasGeneratedBy>
</prov:Entity>

<prov:Agent rdf:about="&dss;JurLeinenga"
    rdfs:label="Jur Leinenga">
  <rdf:type rdf:resource="&foaf;Person"/>
  <foaf:pastProject rdf:resource="http://dutchshipsandsailors.nl"/>
</prov:Agent>

<prov:Entity rdf:about="&dss;al_all_place_2_geonames.ttl">
  <prov:wasGeneratedBy>
    <prov:Activity
        rdfs:label="Linking to GeoNames with Amalgame">
      <prov:used rdf:resource="&dss;das/das_data.ttl"/>
      <prov:used rdf:resource="&dss;gzmvoc/gzmvoc_data.ttl"/>
      <prov:used rdf:resource="&dss;mdb/mdb_data.ttl"/>
      <prov:used rdf:resource="&dss;vocopv/vocopv_beg.ttl"/>
      <prov:used rdf:resource="&dss;vocopv/vocopv_opv.ttl"/>
      <prov:used rdf:resource="&dss;vocopv/vocopv_sol.ttl"/>
      <prov:used rdf:resource="http://www.geonames.org/‎"/>
      <prov:wasAssociatedWith rdf:resource="http://cliopatria.swi-prolog.org/packs/amalgame"/>
      <prov:wasAssociatedWith rdf:resource="&dss;VictorDeBoer"/>
    </prov:Activity>
  </prov:wasGeneratedBy>
</prov:Entity>

<prov:Entity rdf:about="&dss;vocopv/vocopv_schema.ttl">
  <prov:wasGeneratedBy>
    <prov:Activity
        rdfs:label="VOCOPV schema conversion">
      <prov:used rdf:resource="&dss;vocopv/vocopv_beg.ttl"/>
      <prov:used rdf:resource="&dss;vocopv/vocopv_opv.ttl"/>
      <prov:used rdf:resource="&dss;vocopv/vocopv_sol.ttl"/>
      <prov:wasAssociatedWith rdf:resource="http://cliopatria.swi-prolog.org/"/>
      <prov:wasAssociatedWith rdf:resource="&dss;VictorDeBoer"/>
    </prov:Activity>
  </prov:wasGeneratedBy>
</prov:Entity>

<prov:Entity rdf:about="&dss;gzmvoc/gzmvoc_schema.ttl">
  <prov:wasGeneratedBy>
    <prov:Activity
        rdfs:label="GZMVOC schema generation">
      <prov:wasAssociatedWith rdf:resource="http://cliopatria.swi-prolog.org/"/>
      <prov:wasAssociatedWith rdf:resource="&dss;VictorDeBoer"/>
      <prov:used rdf:resource="&dss;gzmvoc/gzmvoc_data.ttl"/>
    </prov:Activity>
  </prov:wasGeneratedBy>
</prov:Entity>

<prov:Entity rdf:about="&dss;vocopv/vocopv_beg.ttl.gz">
  <prov:wasGeneratedBy>
    <prov:Activity
        rdfs:label="VOCOPV Begunstigden data conversion">
      <prov:wasAssociatedWith rdf:resource="http://cliopatria.swi-prolog.org/packs/xmlrdf"/>
      <prov:wasAssociatedWith rdf:resource="&dss;VictorDeBoer"/>
      <prov:used rdf:resource="http://persistent-identifier.nl/urn:nbn:nl:ui:13-pul9-xg"/>
    </prov:Activity>
  </prov:wasGeneratedBy>
</prov:Entity>

<prov:Entity rdf:about="&dss;dbpedia_links.ttl"
    ns1:contentConfidence="0.8">
  <prov:wasGeneratedBy>
    <prov:Activity
        rdfs:label="Automatic linking to DBPedia based on skos:prefLabels">
      <prov:used rdf:resource="&dss;das/das_data.ttl"/>
      <prov:used rdf:resource="&dss;gzmvoc/gzmvoc_data.ttl"/>
      <prov:used rdf:resource="&dss;mdb/mdb_data.ttl"/>
      <prov:used rdf:resource="&dss;vocopv/vocopv_beg.ttl"/>
      <prov:used rdf:resource="&dss;vocopv/vocopv_opv.ttl"/>
      <prov:used rdf:resource="&dss;vocopv/vocopv_sol.ttl"/>
      <prov:used rdf:resource="http://www.dbpedia.org‎"/>
      <prov:wasAssociatedWith rdf:resource="http://cliopatria.swi-prolog.org/packs/amalgame"/>
      <prov:wasAssociatedWith rdf:resource="&dss;VictorDeBoer"/>
    </prov:Activity>
  </prov:wasGeneratedBy>
</prov:Entity>

<prov:Entity rdf:about="&dss;das/das_thes_gen.ttl">
  <prov:wasGeneratedBy>
    <prov:Activity
        rdfs:label="DAS thesaurus consolidation">
      <prov:wasAssociatedWith rdf:resource="http://cliopatria.swi-prolog.org/"/>
      <prov:wasAssociatedWith rdf:resource="&dss;VictorDeBoer"/>
      <prov:used rdf:resource="&dss;das/das_data.ttl"/>
    </prov:Activity>
  </prov:wasGeneratedBy>
</prov:Entity>

<prov:Entity rdf:about="https://github.com/biktorrr/dss/blob/master/xml/gzmvoc.xml"
    rdfs:label="Generale Zeemonsterrollen VOC in XML">
  <prov:wasAttributedTo rdf:resource="&dss;MatthiasVanRossum"/>
  <prov:wasGeneratedBy>
    <prov:Activity
        rdfs:label="GZMVOC Excel to XML conversion">
      <prov:used rdf:resource="https://github.com/biktorrr/dss/blob/master/sources/Database%20Zeemonsterrollen%20Schepenlijst%20-%20publieke%20versie%201.0%20-%20Van%20Rossum%20-%202014.xlsx"/>
      <prov:wasAssociatedWith rdf:resource="&dss;VictorDeBoer"/>
    </prov:Activity>
  </prov:wasGeneratedBy>
</prov:Entity>

<prov:Entity rdf:about="&dss;mdb/mdb_place_gen_thes.ttl">
  <prov:wasGeneratedBy>
    <prov:Activity
        rdfs:label="MDB place thesaurus consolidation">
      <prov:wasAssociatedWith rdf:resource="http://cliopatria.swi-prolog.org/"/>
      <prov:wasAssociatedWith rdf:resource="&dss;VictorDeBoer"/>
      <prov:used rdf:resource="&dss;mdb/mdb_data.ttl"/>
    </prov:Activity>
  </prov:wasGeneratedBy>
</prov:Entity>

<prov:Entity rdf:about="&dss;gzmvoc/gzmvoc_2_das.ttl">
  <prov:wasGeneratedBy>
    <prov:Activity
        rdfs:label="linking activity based on DAS identifiers">
      <prov:used rdf:resource="&dss;das/das_data.ttl"/>
      <prov:used rdf:resource="&dss;vocopv/vocopv_sol.ttl"/>
      <prov:wasAssociatedWith rdf:resource="http://cliopatria.swi-prolog.org/"/>
      <prov:wasAssociatedWith rdf:resource="&dss;VictorDeBoer"/>
    </prov:Activity>
  </prov:wasGeneratedBy>
</prov:Entity>

<prov:Entity rdf:about="&dss;mdb/mdb_thes_generated.ttl">
  <prov:wasGeneratedBy>
    <prov:Activity
        rdfs:label="MDB thesaurus consolidation">
      <prov:wasAssociatedWith rdf:resource="http://cliopatria.swi-prolog.org/"/>
      <prov:wasAssociatedWith rdf:resource="&dss;VictorDeBoer"/>
      <prov:used rdf:resource="&dss;mdb/mdb_data.ttl"/>
    </prov:Activity>
  </prov:wasGeneratedBy>
</prov:Entity>

<prov:SoftwareAgent rdf:about="https://bitbucket.org/andreacbravob/master-project/overview"
    rdfs:label="Andrea's KB matching algorithm"/>

<prov:Entity rdf:about="&dss;das/das_data.ttl">
  <prov:wasGeneratedBy>
    <prov:Activity
        rdfs:label="DAS data conversion">
      <prov:wasAssociatedWith rdf:resource="http://cliopatria.swi-prolog.org/packs/xmlrdf"/>
      <prov:wasAssociatedWith rdf:resource="&dss;VictorDeBoer"/>
      <prov:used rdf:resource="http://www.persistent-identifier.nl/urn:nbn:nl:ui:13-yng-6vb"/>
    </prov:Activity>
  </prov:wasGeneratedBy>
</prov:Entity>

<prov:Entity rdf:about="&dss;das/das_schema.ttl">
  <prov:wasGeneratedBy>
    <prov:Activity
        rdfs:label="DAS schema generation">
      <prov:wasAssociatedWith rdf:resource="http://cliopatria.swi-prolog.org/"/>
      <prov:wasAssociatedWith rdf:resource="&dss;VictorDeBoer"/>
      <prov:used rdf:resource="&dss;das/das_data.ttl"/>
    </prov:Activity>
  </prov:wasGeneratedBy>
</prov:Entity>

<prov:Entity rdf:about="&dss;mdb/mdb_thes_places.ttl">
  <prov:wasGeneratedBy>
    <prov:Activity
        rdfs:label="MDB place thesaurus consolidation">
      <prov:wasAssociatedWith rdf:resource="http://cliopatria.swi-prolog.org/"/>
      <prov:wasAssociatedWith rdf:resource="&dss;VictorDeBoer"/>
      <prov:used rdf:resource="&dss;mdb/mdb_data.ttl"/>
    </prov:Activity>
  </prov:wasGeneratedBy>
</prov:Entity>

<prov:SoftwareAgent rdf:about="http://cliopatria.swi-prolog.org/packs/xmlrdf"
    rdfs:label="XMLRDF conversion tool"/>

<prov:Entity rdf:about="&dss;gzmvoc/gzmvoc_data.ttl"
    rdfs:label="Generale Zeemonsterrollen VOC in RDF">
  <prov:wasGeneratedBy>
    <prov:Activity
        rdfs:label="GZMVOC XML to RDF conversion">
      <prov:wasAssociatedWith rdf:resource="http://cliopatria.swi-prolog.org/xmlrdf"/>
      <prov:wasAssociatedWith rdf:resource="&dss;MatthiasVanRossum"/>
      <prov:wasAssociatedWith rdf:resource="&dss;VictorDeBoer"/>
      <prov:used rdf:resource="https://github.com/biktorrr/dss/blob/master/xml/gzmvoc.xml"/>
    </prov:Activity>
  </prov:wasGeneratedBy>
</prov:Entity>

</rdf:RDF>
